"ID","temp","var","season","year"
"7iA",2.5419312182203,"BT","Spring","Overall"
"Ste",0.912942228608123,"BT","Spring","Overall"
"InB",6.71936921947442,"BT","Spring","Overall"
"NsS",7.51156529056657,"BT","Spring","Overall"
"Lab",-1.18011867266124,"BT","Spring","Overall"
"Bla",-0.220322317869043,"BT","Spring","Overall"
"NDF",-0.599860043129336,"BT","Spring","Overall"
"NDS",-0.599860043129336,"BT","Spring","Overall"
"Tri",1.36665795339263,"BT","Spring","Overall"
"Mir",2.52587140490658,"BT","Spring","Overall"
"NsF",6.43008073758427,"BT","Spring","Overall"
"BDO",0.783577390681738,"BT","Spring","Overall"
"ScB",4.34072957986172,"BT","Spring","Overall"
"Mus",3.51610929924027,"BT","Spring","Overall"
"GeB",3.34227314212108,"BT","Spring","Overall"
"M514",4.19758134332855,"BT","Spring","Overall"
"7iA",3.0908775234889,"BT","Summer","Overall"
"Ste",3.60332495136712,"BT","Summer","Overall"
"InB",16.6127979252764,"BT","Summer","Overall"
"NsS",18.4849320641212,"BT","Summer","Overall"
"Lab",0.55641223444855,"BT","Summer","Overall"
"Bla",4.5511274257104,"BT","Summer","Overall"
"NDF",1.68371375327358,"BT","Summer","Overall"
"NDS",1.68371375327358,"BT","Summer","Overall"
"Tri",6.96847331059875,"BT","Summer","Overall"
"Mir",9.81308530456836,"BT","Summer","Overall"
"NsF",17.779115371255,"BT","Summer","Overall"
"BDO",3.4449530541529,"BT","Summer","Overall"
"ScB",7.47548990557405,"BT","Summer","Overall"
"Mus",9.13931410125519,"BT","Summer","Overall"
"GeB",4.74587230594483,"BT","Summer","Overall"
"M514",6.55548243839306,"BT","Summer","Overall"
"7iA",3.35282923747453,"BT","Fall","Overall"
"Ste",3.81985090520881,"BT","Fall","Overall"
"InB",4.25308871697329,"BT","Fall","Overall"
"NsS",5.9929047911387,"BT","Fall","Overall"
"Lab",1.13335023984614,"BT","Fall","Overall"
"Bla",2.33573416999754,"BT","Fall","Overall"
"NDF",2.41918958683267,"BT","Fall","Overall"
"NDS",2.41918958683267,"BT","Fall","Overall"
"Tri",7.02267817270475,"BT","Fall","Overall"
"Mir",6.18990034152632,"BT","Fall","Overall"
"NsF",7.07708183479999,"BT","Fall","Overall"
"BDO",5.04984517912826,"BT","Fall","Overall"
"ScB",8.93871230605919,"BT","Fall","Overall"
"Mus",8.45847302319627,"BT","Fall","Overall"
"GeB",6.45747736514596,"BT","Fall","Overall"
"M514",8.45470775027174,"BT","Fall","Overall"
"7iA",2.74222850215409,"BT","Winter","Overall"
"Ste",0.422904767532903,"BT","Winter","Overall"
"InB",-1.66090962774396,"BT","Winter","Overall"
"NsS",-1.54477351979972,"BT","Winter","Overall"
"Lab",-1.57889037824843,"BT","Winter","Overall"
"Bla",-1.65802008917123,"BT","Winter","Overall"
"NDF",-1.20952193646529,"BT","Winter","Overall"
"NDS",-1.20952193646529,"BT","Winter","Overall"
"Tri",-0.302587047729732,"BT","Winter","Overall"
"Mir",-1.43515757420858,"BT","Winter","Overall"
"NsF",-1.41192954593042,"BT","Winter","Overall"
"BDO",-0.0019741032555152,"BT","Winter","Overall"
"ScB",2.42942032469884,"BT","Winter","Overall"
"Mus",1.05639458073341,"BT","Winter","Overall"
"GeB",4.13282400041297,"BT","Winter","Overall"
"M514",3.01568066641913,"BT","Winter","Overall"
"7iA",3.71963542052054,"SST","Spring","Overall"
"Ste",2.37773755046626,"SST","Spring","Overall"
"InB",6.65976037470017,"SST","Spring","Overall"
"NsS",7.38718188109849,"SST","Spring","Overall"
"Lab",0.454388645416254,"SST","Spring","Overall"
"Bla",1.01043076803888,"SST","Spring","Overall"
"NDF",1.37883673238879,"SST","Spring","Overall"
"NDS",1.37883673238879,"SST","Spring","Overall"
"Tri",2.56935001361602,"SST","Spring","Overall"
"Mir",4.68114609543314,"SST","Spring","Overall"
"NsF",6.52304530972083,"SST","Spring","Overall"
"BDO",3.20768752640754,"SST","Spring","Overall"
"ScB",7.31989091870914,"SST","Spring","Overall"
"Mus",4.70266849889602,"SST","Spring","Overall"
"GeB",7.1144744741367,"SST","Spring","Overall"
"M514",8.60619606809871,"SST","Spring","Overall"
"7iA",11.5571605912793,"SST","Summer","Overall"
"Ste",13.0652309118002,"SST","Summer","Overall"
"InB",16.5369567614745,"SST","Summer","Overall"
"NsS",18.3994114787928,"SST","Summer","Overall"
"Lab",6.98172603365903,"SST","Summer","Overall"
"Bla",9.49543965002627,"SST","Summer","Overall"
"NDF",9.3612084767954,"SST","Summer","Overall"
"NDS",9.3612084767954,"SST","Summer","Overall"
"Tri",11.3522892926882,"SST","Summer","Overall"
"Mir",15.0856422840022,"SST","Summer","Overall"
"NsF",18.1166547765564,"SST","Summer","Overall"
"BDO",14.8826408230344,"SST","Summer","Overall"
"ScB",16.7218570322111,"SST","Summer","Overall"
"Mus",12.5028601342482,"SST","Summer","Overall"
"GeB",16.4340431028213,"SST","Summer","Overall"
"M514",17.8465559261747,"SST","Summer","Overall"
"7iA",4.20073057229451,"SST","Fall","Overall"
"Ste",5.37987571856773,"SST","Fall","Overall"
"InB",4.17431511346677,"SST","Fall","Overall"
"NsS",5.92942859964919,"SST","Fall","Overall"
"Lab",1.36147692012662,"SST","Fall","Overall"
"Bla",2.45672719531401,"SST","Fall","Overall"
"NDF",3.78896061807719,"SST","Fall","Overall"
"NDS",3.78896061807719,"SST","Fall","Overall"
"Tri",7.44339206764302,"SST","Fall","Overall"
"Mir",6.11673790987047,"SST","Fall","Overall"
"NsF",6.98388436983539,"SST","Fall","Overall"
"BDO",7.97208433242768,"SST","Fall","Overall"
"ScB",9.25965561517613,"SST","Fall","Overall"
"Mus",8.77546184221495,"SST","Fall","Overall"
"GeB",9.94812726740822,"SST","Fall","Overall"
"M514",10.2016296959476,"SST","Fall","Overall"
"7iA",-0.956752072571686,"SST","Winter","Overall"
"Ste",-0.92424778941781,"SST","Winter","Overall"
"InB",-1.6795208872944,"SST","Winter","Overall"
"NsS",-1.55375859331167,"SST","Winter","Overall"
"Lab",-1.67569652553298,"SST","Winter","Overall"
"Bla",-1.67298192838959,"SST","Winter","Overall"
"NDF",-1.46803945228883,"SST","Winter","Overall"
"NDS",-1.46803945228883,"SST","Winter","Overall"
"Tri",-0.406503299183457,"SST","Winter","Overall"
"Mir",-1.48211153963642,"SST","Winter","Overall"
"NsF",-1.43619619993902,"SST","Winter","Overall"
"BDO",-0.699740287135152,"SST","Winter","Overall"
"ScB",0.751394004284461,"SST","Winter","Overall"
"Mus",0.951373432922866,"SST","Winter","Overall"
"GeB",2.73292339782889,"SST","Winter","Overall"
"M514",2.4926032745795,"SST","Winter","Overall"
"7iA",24.1254405909968,"SSS","Spring","Overall"
"Ste",31.5660115451781,"SSS","Spring","Overall"
"InB",29.320458797932,"SSS","Spring","Overall"
"NsS",27.4575444809401,"SSS","Spring","Overall"
"Lab",31.7140648773049,"SSS","Spring","Overall"
"Bla",31.7281989201549,"SSS","Spring","Overall"
"NDF",32.1163780194487,"SSS","Spring","Overall"
"NDS",32.1163780194487,"SSS","Spring","Overall"
"Tri",31.5823626870534,"SSS","Spring","Overall"
"Mir",28.7130201393252,"SSS","Spring","Overall"
"NsF",27.2444371095474,"SSS","Spring","Overall"
"BDO",30.3758283711989,"SSS","Spring","Overall"
"ScB",28.5427658386798,"SSS","Spring","Overall"
"Mus",30.9595445151784,"SSS","Spring","Overall"
"GeB",31.2594634954178,"SSS","Spring","Overall"
"M514",30.9645576257372,"SSS","Spring","Overall"
"7iA",23.8230240898232,"SSS","Summer","Overall"
"Ste",30.7206565926741,"SSS","Summer","Overall"
"InB",28.1259489374843,"SSS","Summer","Overall"
"NsS",26.9722858980069,"SSS","Summer","Overall"
"Lab",30.7086091420014,"SSS","Summer","Overall"
"Bla",30.74932980582,"SSS","Summer","Overall"
"NDF",31.0937432292376,"SSS","Summer","Overall"
"NDS",31.0937432292376,"SSS","Summer","Overall"
"Tri",31.6456483765186,"SSS","Summer","Overall"
"Mir",26.791002560471,"SSS","Summer","Overall"
"NsF",27.5916838211462,"SSS","Summer","Overall"
"BDO",29.2995449622833,"SSS","Summer","Overall"
"ScB",28.8712414722812,"SSS","Summer","Overall"
"Mus",30.8495422613635,"SSS","Summer","Overall"
"GeB",31.1103600948449,"SSS","Summer","Overall"
"M514",31.3719627559365,"SSS","Summer","Overall"
"7iA",28.2740333835153,"SSS","Fall","Overall"
"Ste",31.25465783021,"SSS","Fall","Overall"
"InB",28.7112460366619,"SSS","Fall","Overall"
"NsS",26.6793634974709,"SSS","Fall","Overall"
"Lab",31.2331880065209,"SSS","Fall","Overall"
"Bla",31.255580845677,"SSS","Fall","Overall"
"NDF",31.5127501344784,"SSS","Fall","Overall"
"NDS",31.5127501344784,"SSS","Fall","Overall"
"Tri",31.5210824168102,"SSS","Fall","Overall"
"Mir",27.7054428554774,"SSS","Fall","Overall"
"NsF",26.9189505298803,"SSS","Fall","Overall"
"BDO",29.0519168557001,"SSS","Fall","Overall"
"ScB",30.1731644682851,"SSS","Fall","Overall"
"Mus",30.4020412116547,"SSS","Fall","Overall"
"GeB",31.0317561866501,"SSS","Fall","Overall"
"M514",31.5690253787578,"SSS","Fall","Overall"
"7iA",28.9365038974065,"SSS","Winter","Overall"
"Ste",31.7083677664025,"SSS","Winter","Overall"
"InB",31.0609710595195,"SSS","Winter","Overall"
"NsS",29.2266570704352,"SSS","Winter","Overall"
"Lab",32.3092061739663,"SSS","Winter","Overall"
"Bla",32.1295622047333,"SSS","Winter","Overall"
"NDF",32.1395883542809,"SSS","Winter","Overall"
"NDS",32.1395883542809,"SSS","Winter","Overall"
"Tri",31.4281038045016,"SSS","Winter","Overall"
"Mir",29.6853760191966,"SSS","Winter","Overall"
"NsF",27.6064626559856,"SSS","Winter","Overall"
"BDO",30.0382339939025,"SSS","Winter","Overall"
"ScB",29.8397791795758,"SSS","Winter","Overall"
"Mus",30.8732961072619,"SSS","Winter","Overall"
"GeB",31.3198512699496,"SSS","Winter","Overall"
"M514",31.4470945389397,"SSS","Winter","Overall"
"7iA",2.93806361253723,"BT","Spring","2008"
"Ste",-0.0391105644765344,"BT","Spring","2008"
"InB",6.20421944024654,"BT","Spring","2008"
"NsS",6.13624393793238,"BT","Spring","2008"
"Lab",-1.38013806835553,"BT","Spring","2008"
"Bla",-0.684040755684223,"BT","Spring","2008"
"NDF",-0.857325071045039,"BT","Spring","2008"
"NDS",-0.857325071045039,"BT","Spring","2008"
"Tri",0.638769188888664,"BT","Spring","2008"
"Mir",2.69980683463976,"BT","Spring","2008"
"NsF",4.68430630272908,"BT","Spring","2008"
"BDO",0.178314166691198,"BT","Spring","2008"
"ScB",3.95989074738877,"BT","Spring","2008"
"Mus",2.29320444698968,"BT","Spring","2008"
"GeB",2.69405370573668,"BT","Spring","2008"
"M514",3.91683762062406,"BT","Spring","2008"
"7iA",3.26668479417217,"BT","Summer","2008"
"Ste",3.36275617599539,"BT","Summer","2008"
"InB",15.1346455694715,"BT","Summer","2008"
"NsS",16.5701799521811,"BT","Summer","2008"
"Lab",0.603103726449751,"BT","Summer","2008"
"Bla",4.03965672117373,"BT","Summer","2008"
"NDF",1.1779693690852,"BT","Summer","2008"
"NDS",1.1779693690852,"BT","Summer","2008"
"Tri",6.2182153647265,"BT","Summer","2008"
"Mir",9.50667115728593,"BT","Summer","2008"
"NsF",15.5858447409967,"BT","Summer","2008"
"BDO",3.41394398134712,"BT","Summer","2008"
"ScB",6.76797650471433,"BT","Summer","2008"
"Mus",8.37588652316516,"BT","Summer","2008"
"GeB",4.29130385937286,"BT","Summer","2008"
"M514",5.97715518851118,"BT","Summer","2008"
"7iA",3.25033387790898,"BT","Fall","2008"
"Ste",4.01337304056101,"BT","Fall","2008"
"InB",3.27396788688936,"BT","Fall","2008"
"NsS",4.62894680792352,"BT","Fall","2008"
"Lab",0.767825355645462,"BT","Fall","2008"
"Bla",2.23593809500556,"BT","Fall","2008"
"NDF",2.33756857642316,"BT","Fall","2008"
"NDS",2.33756857642316,"BT","Fall","2008"
"Tri",6.61932763365133,"BT","Fall","2008"
"Mir",5.04863466682947,"BT","Fall","2008"
"NsF",5.73904552733311,"BT","Fall","2008"
"BDO",4.34657372549741,"BT","Fall","2008"
"ScB",7.32709425631329,"BT","Fall","2008"
"Mus",7.15665893983119,"BT","Fall","2008"
"GeB",6.16264376786923,"BT","Fall","2008"
"M514",7.36268935247647,"BT","Fall","2008"
"7iA",3.13444853738898,"BT","Winter","2008"
"Ste",0.109254308100602,"BT","Winter","2008"
"InB",-1.6790648828888,"BT","Winter","2008"
"NsS",-1.54592711323453,"BT","Winter","2008"
"Lab",-1.63195836645709,"BT","Winter","2008"
"Bla",-1.70045946684778,"BT","Winter","2008"
"NDF",-1.12761631893169,"BT","Winter","2008"
"NDS",-1.12761631893169,"BT","Winter","2008"
"Tri",-0.690027865398863,"BT","Winter","2008"
"Mir",-1.52413644065851,"BT","Winter","2008"
"NsF",-1.43639504303404,"BT","Winter","2008"
"BDO",-0.129611122579101,"BT","Winter","2008"
"ScB",2.3173988500069,"BT","Winter","2008"
"Mus",0.881208834444667,"BT","Winter","2008"
"GeB",4.62966175591053,"BT","Winter","2008"
"M514",3.33536141858871,"BT","Winter","2008"
"7iA",2.0249373817073,"BT","Spring","2009"
"Ste",0.863674835348777,"BT","Spring","2009"
"InB",5.22038220505212,"BT","Spring","2009"
"NsS",6.63870450206278,"BT","Spring","2009"
"Lab",-1.36041179510351,"BT","Spring","2009"
"Bla",-0.588271733486458,"BT","Spring","2009"
"NDF",-0.823421374553131,"BT","Spring","2009"
"NDS",-0.823421374553131,"BT","Spring","2009"
"Tri",1.0269483824273,"BT","Spring","2009"
"Mir",1.62480176344195,"BT","Spring","2009"
"NsF",6.13471969642821,"BT","Spring","2009"
"BDO",0.737747312818675,"BT","Spring","2009"
"ScB",3.88954678929116,"BT","Spring","2009"
"Mus",3.35408896455774,"BT","Spring","2009"
"GeB",3.22015860573787,"BT","Spring","2009"
"M514",2.99586535849832,"BT","Spring","2009"
"7iA",2.86592379321655,"BT","Summer","2009"
"Ste",2.56316944039828,"BT","Summer","2009"
"InB",14.7262076206773,"BT","Summer","2009"
"NsS",16.3201376055765,"BT","Summer","2009"
"Lab",0.765302647596397,"BT","Summer","2009"
"Bla",3.67881737732594,"BT","Summer","2009"
"NDF",1.33450751233813,"BT","Summer","2009"
"NDS",1.33450751233813,"BT","Summer","2009"
"Tri",5.6632458423085,"BT","Summer","2009"
"Mir",9.50656860175922,"BT","Summer","2009"
"NsF",16.0871140743022,"BT","Summer","2009"
"BDO",3.27712891227405,"BT","Summer","2009"
"ScB",7.13959048142208,"BT","Summer","2009"
"Mus",8.21786146117207,"BT","Summer","2009"
"GeB",4.73793741808992,"BT","Summer","2009"
"M514",6.83696521305931,"BT","Summer","2009"
"7iA",3.13442725217266,"BT","Fall","2009"
"Ste",2.14090395840521,"BT","Fall","2009"
"InB",2.84085326072189,"BT","Fall","2009"
"NsS",4.38702613762319,"BT","Fall","2009"
"Lab",0.407735605258761,"BT","Fall","2009"
"Bla",0.858802467348866,"BT","Fall","2009"
"NDF",1.73670056901688,"BT","Fall","2009"
"NDS",1.73670056901688,"BT","Fall","2009"
"Tri",4.89923787620783,"BT","Fall","2009"
"Mir",4.61600777525043,"BT","Fall","2009"
"NsF",5.17869838690816,"BT","Fall","2009"
"BDO",4.64162714306872,"BT","Fall","2009"
"ScB",7.16625697793158,"BT","Fall","2009"
"Mus",7.06498366369372,"BT","Fall","2009"
"GeB",6.84796462811693,"BT","Fall","2009"
"M514",7.66405632787462,"BT","Fall","2009"
"7iA",2.53507210310103,"BT","Winter","2009"
"Ste",0.234818314220053,"BT","Winter","2009"
"InB",-1.67633950151069,"BT","Winter","2009"
"NsS",-1.62058830989695,"BT","Winter","2009"
"Lab",-1.67456080664673,"BT","Winter","2009"
"Bla",-1.73118516741188,"BT","Winter","2009"
"NDF",-1.41591555599556,"BT","Winter","2009"
"NDS",-1.41591555599556,"BT","Winter","2009"
"Tri",-0.832968872778087,"BT","Winter","2009"
"Mir",-1.58680759791949,"BT","Winter","2009"
"NsF",-1.61215371512882,"BT","Winter","2009"
"BDO",-0.675333063708505,"BT","Winter","2009"
"ScB",1.42112129592976,"BT","Winter","2009"
"Mus",0.483932072662454,"BT","Winter","2009"
"GeB",4.25905310320455,"BT","Winter","2009"
"M514",1.6781107620197,"BT","Winter","2009"
"7iA",1.76321603923685,"BT","Spring","2010"
"Ste",0.543346976595084,"BT","Spring","2010"
"InB",7.05490583602577,"BT","Spring","2010"
"NsS",6.91529617170704,"BT","Spring","2010"
"Lab",-1.01065866721802,"BT","Spring","2010"
"Bla",0.0368593597252954,"BT","Spring","2010"
"NDF",-0.132531207968075,"BT","Spring","2010"
"NDS",-0.132531207968075,"BT","Spring","2010"
"Tri",1.5623830924026,"BT","Spring","2010"
"Mir",3.55017045516072,"BT","Spring","2010"
"NsF",6.19793112365272,"BT","Spring","2010"
"BDO",1.12303314976432,"BT","Spring","2010"
"ScB",3.84496342816081,"BT","Spring","2010"
"Mus",3.45243121683536,"BT","Spring","2010"
"GeB",1.82883212718914,"BT","Spring","2010"
"M514",3.1868977216841,"BT","Spring","2010"
"7iA",2.43717718049058,"BT","Summer","2010"
"Ste",2.8239413063679,"BT","Summer","2010"
"InB",15.3873303162808,"BT","Summer","2010"
"NsS",17.3326416229696,"BT","Summer","2010"
"Lab",0.277431486447204,"BT","Summer","2010"
"Bla",2.95317156648635,"BT","Summer","2010"
"NDF",1.40307076962978,"BT","Summer","2010"
"NDS",1.40307076962978,"BT","Summer","2010"
"Tri",7.27035351114937,"BT","Summer","2010"
"Mir",9.83951615659954,"BT","Summer","2010"
"NsF",16.5361137558527,"BT","Summer","2010"
"BDO",2.8293278341261,"BT","Summer","2010"
"ScB",6.50720033438793,"BT","Summer","2010"
"Mus",8.39690352550093,"BT","Summer","2010"
"GeB",3.03932052609657,"BT","Summer","2010"
"M514",5.58004779689449,"BT","Summer","2010"
"7iA",2.63475511808924,"BT","Fall","2010"
"Ste",3.42176803271158,"BT","Fall","2010"
"InB",3.69684739722426,"BT","Fall","2010"
"NsS",5.36369854050954,"BT","Fall","2010"
"Lab",1.64949435898308,"BT","Fall","2010"
"Bla",2.58850782039533,"BT","Fall","2010"
"NDF",2.16316920721531,"BT","Fall","2010"
"NDS",2.16316920721531,"BT","Fall","2010"
"Tri",6.46629217925393,"BT","Fall","2010"
"Mir",5.59061124736092,"BT","Fall","2010"
"NsF",6.46574017728325,"BT","Fall","2010"
"BDO",4.52298739454571,"BT","Fall","2010"
"ScB",7.7214906695309,"BT","Fall","2010"
"Mus",7.17883840557565,"BT","Fall","2010"
"GeB",5.72060941466652,"BT","Fall","2010"
"M514",6.72095124868812,"BT","Fall","2010"
"7iA",1.86846359047503,"BT","Winter","2010"
"Ste",0.617302821187831,"BT","Winter","2010"
"InB",-1.61660705837651,"BT","Winter","2010"
"NsS",-1.55978431783216,"BT","Winter","2010"
"Lab",-1.41551307011137,"BT","Winter","2010"
"Bla",-1.63215696123802,"BT","Winter","2010"
"NDF",-1.30978734834415,"BT","Winter","2010"
"NDS",-1.30978734834415,"BT","Winter","2010"
"Tri",-0.958902951483001,"BT","Winter","2010"
"Mir",-1.50123058759711,"BT","Winter","2010"
"NsF",-1.45348226945208,"BT","Winter","2010"
"BDO",-0.0400006587131187,"BT","Winter","2010"
"ScB",1.97982161863446,"BT","Winter","2010"
"Mus",0.153155401989436,"BT","Winter","2010"
"GeB",1.58875674868719,"BT","Winter","2010"
"M514",1.22843761178785,"BT","Winter","2010"
"7iA",2.51831419282654,"BT","Spring","2011"
"Ste",0.0452793313313828,"BT","Spring","2011"
"InB",5.96394111939314,"BT","Spring","2011"
"NsS",7.06956766152482,"BT","Spring","2011"
"Lab",-1.32651318596058,"BT","Spring","2011"
"Bla",-0.602555684867944,"BT","Spring","2011"
"NDF",-0.763243884908112,"BT","Spring","2011"
"NDS",-0.763243884908112,"BT","Spring","2011"
"Tri",1.57608767496177,"BT","Spring","2011"
"Mir",2.5370976525121,"BT","Spring","2011"
"NsF",6.15444593737944,"BT","Spring","2011"
"BDO",0.714644361324447,"BT","Spring","2011"
"ScB",3.41531986193769,"BT","Spring","2011"
"Mus",4.09610129723722,"BT","Spring","2011"
"GeB",3.13540979595452,"BT","Spring","2011"
"M514",4.12451061008037,"BT","Spring","2011"
"7iA",2.87650142911173,"BT","Summer","2011"
"Ste",3.8711832050333,"BT","Summer","2011"
"InB",15.077531513786,"BT","Summer","2011"
"NsS",16.3775107582795,"BT","Summer","2011"
"Lab",0.53261145184112,"BT","Summer","2011"
"Bla",3.81595097663395,"BT","Summer","2011"
"NDF",1.29899486259483,"BT","Summer","2011"
"NDS",1.29899486259483,"BT","Summer","2011"
"Tri",7.24525138663576,"BT","Summer","2011"
"Mir",9.60019348395346,"BT","Summer","2011"
"NsF",16.2004245790104,"BT","Summer","2011"
"BDO",3.80738251983033,"BT","Summer","2011"
"ScB",7.94939982394905,"BT","Summer","2011"
"Mus",9.08586921558547,"BT","Summer","2011"
"GeB",3.87539727430911,"BT","Summer","2011"
"M514",6.07796505182605,"BT","Summer","2011"
"7iA",3.18331670855843,"BT","Fall","2011"
"Ste",2.55229481498359,"BT","Fall","2011"
"InB",3.91507699947058,"BT","Fall","2011"
"NsS",5.36578986936437,"BT","Fall","2011"
"Lab",0.924106211715653,"BT","Fall","2011"
"Bla",1.52375184106604,"BT","Fall","2011"
"NDF",2.20304058790049,"BT","Fall","2011"
"NDS",2.20304058790049,"BT","Fall","2011"
"Tri",6.31657524811644,"BT","Fall","2011"
"Mir",5.78511592748269,"BT","Fall","2011"
"NsF",6.33681893397698,"BT","Fall","2011"
"BDO",5.57036345525921,"BT","Fall","2011"
"ScB",8.24685248047064,"BT","Fall","2011"
"Mus",7.91515381822512,"BT","Fall","2011"
"GeB",5.64407716136269,"BT","Fall","2011"
"M514",7.92134417394878,"BT","Fall","2011"
"7iA",2.36751893418509,"BT","Winter","2011"
"Ste",0.197160686094206,"BT","Winter","2011"
"InB",-1.63930609869113,"BT","Winter","2011"
"NsS",-1.54360695232774,"BT","Winter","2011"
"Lab",-1.25146173020973,"BT","Winter","2011"
"Bla",-1.33389596465162,"BT","Winter","2011"
"NDF",-0.599134700284011,"BT","Winter","2011"
"NDS",-0.599134700284011,"BT","Winter","2011"
"Tri",0.620790501400483,"BT","Winter","2011"
"Mir",-1.22952875112569,"BT","Winter","2011"
"NsF",-1.41686112412056,"BT","Winter","2011"
"BDO",0.0663856683068227,"BT","Winter","2011"
"ScB",1.32064760494052,"BT","Winter","2011"
"Mus",1.07287366030573,"BT","Winter","2011"
"GeB",3.00928408992477,"BT","Winter","2011"
"M514",1.44434235772128,"BT","Winter","2011"
"7iA",2.73301056356341,"BT","Spring","2012"
"Ste",1.62726354590364,"BT","Spring","2012"
"InB",8.65312963327892,"BT","Spring","2012"
"NsS",10.09698840646,"BT","Spring","2012"
"Lab",-1.20973792929903,"BT","Spring","2012"
"Bla",-0.113589929738146,"BT","Spring","2012"
"NDF",-0.52662853151702,"BT","Spring","2012"
"NDS",-0.52662853151702,"BT","Spring","2012"
"Tri",1.94412757057749,"BT","Spring","2012"
"Mir",3.39504781068114,"BT","Spring","2012"
"NsF",8.64393419578452,"BT","Spring","2012"
"BDO",1.7001352590079,"BT","Spring","2012"
"ScB",5.46876021370327,"BT","Spring","2012"
"Mus",5.23878340713638,"BT","Spring","2012"
"GeB",4.7758787685142,"BT","Spring","2012"
"M514",5.87988669162675,"BT","Spring","2012"
"7iA",3.31571127536575,"BT","Summer","2012"
"Ste",4.86806040019213,"BT","Summer","2012"
"InB",18.4908216439737,"BT","Summer","2012"
"NsS",20.2972103994786,"BT","Summer","2012"
"Lab",0.540278911295875,"BT","Summer","2012"
"Bla",5.55301636232597,"BT","Summer","2012"
"NDF",1.74055485298267,"BT","Summer","2012"
"NDS",1.74055485298267,"BT","Summer","2012"
"Tri",7.52848547574382,"BT","Summer","2012"
"Mir",10.7287796162342,"BT","Summer","2012"
"NsF",19.86319069383,"BT","Summer","2012"
"BDO",3.93989980242588,"BT","Summer","2012"
"ScB",8.42646634639632,"BT","Summer","2012"
"Mus",10.063557149531,"BT","Summer","2012"
"GeB",6.07308679091754,"BT","Summer","2012"
"M514",7.29837378817596,"BT","Summer","2012"
"7iA",3.48294830579125,"BT","Fall","2012"
"Ste",6.01519034097437,"BT","Fall","2012"
"InB",4.76301352193444,"BT","Fall","2012"
"NsS",6.8487000009931,"BT","Fall","2012"
"Lab",1.37167573527749,"BT","Fall","2012"
"Bla",3.26529395951318,"BT","Fall","2012"
"NDF",2.77724571520191,"BT","Fall","2012"
"NDS",2.77724571520191,"BT","Fall","2012"
"Tri",7.90293186704127,"BT","Fall","2012"
"Mir",6.83522344906872,"BT","Fall","2012"
"NsF",8.07423775623017,"BT","Fall","2012"
"BDO",5.57269567450659,"BT","Fall","2012"
"ScB",9.10351384988025,"BT","Fall","2012"
"Mus",9.14665714433638,"BT","Fall","2012"
"GeB",7.90151797232841,"BT","Fall","2012"
"M514",8.79255890126134,"BT","Fall","2012"
"7iA",2.91029982269765,"BT","Winter","2012"
"Ste",0.106608608916895,"BT","Winter","2012"
"InB",-1.62139070769124,"BT","Winter","2012"
"NsS",-1.41029713962613,"BT","Winter","2012"
"Lab",-1.70252473056915,"BT","Winter","2012"
"Bla",-1.69400606062279,"BT","Winter","2012"
"NDF",-1.35072869421862,"BT","Winter","2012"
"NDS",-1.35072869421862,"BT","Winter","2012"
"Tri",-0.23398326544909,"BT","Winter","2012"
"Mir",-1.34785214044481,"BT","Winter","2012"
"NsF",-1.24763056207794,"BT","Winter","2012"
"BDO",0.420109242711566,"BT","Winter","2012"
"ScB",2.97884043847273,"BT","Winter","2012"
"Mus",1.94599697205129,"BT","Winter","2012"
"GeB",5.37605925819572,"BT","Winter","2012"
"M514",4.53174394982505,"BT","Winter","2012"
"7iA",2.28353538255845,"BT","Spring","2013"
"Ste",1.72060728918427,"BT","Spring","2013"
"InB",8.34055322926998,"BT","Spring","2013"
"NsS",9.21352511486628,"BT","Spring","2013"
"Lab",-1.06189858023279,"BT","Spring","2013"
"Bla",0.316973940033319,"BT","Spring","2013"
"NDF",-0.422760604369436,"BT","Spring","2013"
"NDS",-0.422760604369436,"BT","Spring","2013"
"Tri",2.34708438451823,"BT","Spring","2013"
"Mir",3.28995536907671,"BT","Spring","2013"
"NsF",7.24411584368473,"BT","Spring","2013"
"BDO",0.920401347100812,"BT","Spring","2013"
"ScB",5.27396416498506,"BT","Spring","2013"
"Mus",3.75759562067036,"BT","Spring","2013"
"GeB",4.034756429841,"BT","Spring","2013"
"M514",4.98835297164192,"BT","Spring","2013"
"7iA",3.09825236262199,"BT","Summer","2013"
"Ste",3.64985177225186,"BT","Summer","2013"
"InB",18.0917100329517,"BT","Summer","2013"
"NsS",20.0513035860592,"BT","Summer","2013"
"Lab",0.271439512610592,"BT","Summer","2013"
"Bla",4.60895047107428,"BT","Summer","2013"
"NDF",1.68165174061264,"BT","Summer","2013"
"NDS",1.68165174061264,"BT","Summer","2013"
"Tri",7.49757609203751,"BT","Summer","2013"
"Mir",10.2769369528609,"BT","Summer","2013"
"NsF",19.1939820766993,"BT","Summer","2013"
"BDO",3.31820040763682,"BT","Summer","2013"
"ScB",7.53143410534692,"BT","Summer","2013"
"Mus",8.15341802515477,"BT","Summer","2013"
"GeB",4.29488831989437,"BT","Summer","2013"
"M514",6.67870437978445,"BT","Summer","2013"
"7iA",3.43433238458604,"BT","Fall","2013"
"Ste",2.85963532571448,"BT","Fall","2013"
"InB",5.0392897138234,"BT","Fall","2013"
"NsS",6.28131435856995,"BT","Fall","2013"
"Lab",0.841313096817777,"BT","Fall","2013"
"Bla",2.61797653324205,"BT","Fall","2013"
"NDF",2.1409304808695,"BT","Fall","2013"
"NDS",2.1409304808695,"BT","Fall","2013"
"Tri",7.58345919373523,"BT","Fall","2013"
"Mir",6.8790058736196,"BT","Fall","2013"
"NsF",7.12823397061508,"BT","Fall","2013"
"BDO",5.11624184220362,"BT","Fall","2013"
"ScB",8.99466500789315,"BT","Fall","2013"
"Mus",8.52393450241754,"BT","Fall","2013"
"GeB",5.17215215788431,"BT","Fall","2013"
"M514",7.71032113898134,"BT","Fall","2013"
"7iA",2.17639399994997,"BT","Winter","2013"
"Ste",1.15808462554984,"BT","Winter","2013"
"InB",-1.65851695437267,"BT","Winter","2013"
"NsS",-1.55308764366731,"BT","Winter","2013"
"Lab",-1.52342900369672,"BT","Winter","2013"
"Bla",-1.62499969190442,"BT","Winter","2013"
"NDF",-1.00479367860783,"BT","Winter","2013"
"NDS",-1.00479367860783,"BT","Winter","2013"
"Tri",0.30205967034229,"BT","Winter","2013"
"Mir",-1.37086394219308,"BT","Winter","2013"
"NsF",-1.44914703503216,"BT","Winter","2013"
"BDO",0.491579559234962,"BT","Winter","2013"
"ScB",3.03126963199079,"BT","Winter","2013"
"Mus",1.6509102761358,"BT","Winter","2013"
"GeB",4.71056576886976,"BT","Winter","2013"
"M514",4.30972476597174,"BT","Winter","2013"
"7iA",2.90209139049637,"BT","Spring","2014"
"Ste",1.87533777950754,"BT","Spring","2014"
"InB",6.21300490343312,"BT","Spring","2014"
"NsS",6.53337635574612,"BT","Spring","2014"
"Lab",-1.21895604797034,"BT","Spring","2014"
"Bla",-0.167803151108745,"BT","Spring","2014"
"NDF",-0.67801354421015,"BT","Spring","2014"
"NDS",-0.67801354421015,"BT","Spring","2014"
"Tri",1.03926405118657,"BT","Spring","2014"
"Mir",1.50432936673138,"BT","Spring","2014"
"NsF",5.87432044498236,"BT","Spring","2014"
"BDO",0.615833813136237,"BT","Spring","2014"
"ScB",4.63356200544873,"BT","Spring","2014"
"Mus",3.53188239976953,"BT","Spring","2014"
"GeB",3.0842915972825,"BT","Spring","2014"
"M514",3.98824702753228,"BT","Spring","2014"
"7iA",3.71922722863383,"BT","Summer","2014"
"Ste",4.8661842376664,"BT","Summer","2014"
"InB",17.6742914308279,"BT","Summer","2014"
"NsS",19.2679373183123,"BT","Summer","2014"
"Lab",0.652234131421051,"BT","Summer","2014"
"Bla",6.15498755071117,"BT","Summer","2014"
"NDF",1.94819194077282,"BT","Summer","2014"
"NDS",1.94819194077282,"BT","Summer","2014"
"Tri",7.39618514856601,"BT","Summer","2014"
"Mir",8.9150976925514,"BT","Summer","2014"
"NsF",18.1762717094094,"BT","Summer","2014"
"BDO",4.58945591915772,"BT","Summer","2014"
"ScB",7.9491364928505,"BT","Summer","2014"
"Mus",9.23336256492966,"BT","Summer","2014"
"GeB",5.71284015232753,"BT","Summer","2014"
"M514",6.37562847876784,"BT","Summer","2014"
"7iA",3.72490633600199,"BT","Fall","2014"
"Ste",5.11762527930935,"BT","Fall","2014"
"InB",4.19105815520086,"BT","Fall","2014"
"NsS",6.28949109689452,"BT","Fall","2014"
"Lab",1.24453656805872,"BT","Fall","2014"
"Bla",2.52326106626878,"BT","Fall","2014"
"NDF",2.62375850139527,"BT","Fall","2014"
"NDS",2.62375850139527,"BT","Fall","2014"
"Tri",8.24435695195539,"BT","Fall","2014"
"Mir",6.08563841392395,"BT","Fall","2014"
"NsF",7.66333998742371,"BT","Fall","2014"
"BDO",4.92963576279887,"BT","Fall","2014"
"ScB",9.97735630139256,"BT","Fall","2014"
"Mus",8.91475437482301,"BT","Fall","2014"
"GeB",7.50404147198031,"BT","Fall","2014"
"M514",9.38177794632196,"BT","Fall","2014"
"7iA",3.1640151130438,"BT","Winter","2014"
"Ste",1.04405314484256,"BT","Winter","2014"
"InB",-1.70251312179876,"BT","Winter","2014"
"NsS",-1.61190041235899,"BT","Winter","2014"
"Lab",-1.64429542700157,"BT","Winter","2014"
"Bla",-1.72269857209976,"BT","Winter","2014"
"NDF",-1.27714154481421,"BT","Winter","2014"
"NDS",-1.27714154481421,"BT","Winter","2014"
"Tri",-0.860174470649959,"BT","Winter","2014"
"Mir",-1.60672856413636,"BT","Winter","2014"
"NsF",-1.51655651787792,"BT","Winter","2014"
"BDO",-0.568026382893541,"BT","Winter","2014"
"ScB",2.20193398448427,"BT","Winter","2014"
"Mus",0.680507786196035,"BT","Winter","2014"
"GeB",4.42506792163232,"BT","Winter","2014"
"M514",2.55500720528435,"BT","Winter","2014"
"7iA",2.68425477823416,"BT","Spring","2015"
"Ste",1.12757117565819,"BT","Spring","2015"
"InB",6.36717554479625,"BT","Spring","2015"
"NsS",7.30107155550336,"BT","Spring","2015"
"Lab",-1.02720771542475,"BT","Spring","2015"
"Bla",-0.0875804443082658,"BT","Spring","2015"
"NDF",-0.488082017261807,"BT","Spring","2015"
"NDS",-0.488082017261807,"BT","Spring","2015"
"Tri",1.54368578732032,"BT","Spring","2015"
"Mir",2.16904639933283,"BT","Spring","2015"
"NsF",5.94951050361286,"BT","Spring","2015"
"BDO",0.285662031495525,"BT","Spring","2015"
"ScB",2.86950512093221,"BT","Spring","2015"
"Mus",2.43757577887497,"BT","Spring","2015"
"GeB",3.69410964201975,"BT","Spring","2015"
"M514",3.2317447715749,"BT","Spring","2015"
"7iA",3.17016738213066,"BT","Summer","2015"
"Ste",3.6762302502171,"BT","Summer","2015"
"InB",17.4423162484963,"BT","Summer","2015"
"NsS",19.8231955479698,"BT","Summer","2015"
"Lab",0.261675427286188,"BT","Summer","2015"
"Bla",4.46195834257424,"BT","Summer","2015"
"NDF",1.9867383191902,"BT","Summer","2015"
"NDS",1.9867383191902,"BT","Summer","2015"
"Tri",6.92261031635585,"BT","Summer","2015"
"Mir",9.82073180135897,"BT","Summer","2015"
"NsF",18.6646081705652,"BT","Summer","2015"
"BDO",3.5893141226519,"BT","Summer","2015"
"ScB",6.59022741539212,"BT","Summer","2015"
"Mus",9.30933695770351,"BT","Summer","2015"
"GeB",5.52929296263001,"BT","Summer","2015"
"M514",6.31242463435538,"BT","Summer","2015"
"7iA",3.44606053981452,"BT","Fall","2015"
"Ste",4.19303480807335,"BT","Fall","2015"
"InB",4.55770323636853,"BT","Fall","2015"
"NsS",6.59149920469208,"BT","Fall","2015"
"Lab",0.94820521216368,"BT","Fall","2015"
"Bla",1.82084948224614,"BT","Fall","2015"
"NDF",2.26542776868631,"BT","Fall","2015"
"NDS",2.26542776868631,"BT","Fall","2015"
"Tri",6.87447838577447,"BT","Fall","2015"
"Mir",6.6263172906885,"BT","Fall","2015"
"NsF",7.81555567120413,"BT","Fall","2015"
"BDO",5.99488977751641,"BT","Fall","2015"
"ScB",10.0619451269969,"BT","Fall","2015"
"Mus",9.77297816154778,"BT","Fall","2015"
"GeB",7.00925793580208,"BT","Fall","2015"
"M514",9.80842059003771,"BT","Fall","2015"
"7iA",2.94893334887741,"BT","Winter","2015"
"Ste",0.392969624352126,"BT","Winter","2015"
"InB",-1.7033406118396,"BT","Winter","2015"
"NsS",-1.62090738185955,"BT","Winter","2015"
"Lab",-1.65110817429219,"BT","Winter","2015"
"Bla",-1.72323937187247,"BT","Winter","2015"
"NDF",-1.2552789382786,"BT","Winter","2015"
"NDS",-1.2552789382786,"BT","Winter","2015"
"Tri",-0.0589598398908532,"BT","Winter","2015"
"Mir",-1.51615675459868,"BT","Winter","2015"
"NsF",-1.48453306815366,"BT","Winter","2015"
"BDO",-0.34631056998131,"BT","Winter","2015"
"ScB",1.8732298758949,"BT","Winter","2015"
"Mus",0.46578546151761,"BT","Winter","2015"
"GeB",4.5340904138258,"BT","Winter","2015"
"M514",2.20834363052214,"BT","Winter","2015"
"7iA",3.05827929727879,"BT","Spring","2016"
"Ste",0.0881070933850917,"BT","Spring","2016"
"InB",6.94165335955516,"BT","Spring","2016"
"NsS",7.88418412359846,"BT","Spring","2016"
"Lab",-1.10201378692187,"BT","Spring","2016"
"Bla",-0.0492986234148576,"BT","Spring","2016"
"NDF",-0.481730100483643,"BT","Spring","2016"
"NDS",-0.481730100483643,"BT","Spring","2016"
"Tri",1.37688881366988,"BT","Spring","2016"
"Mir",2.19167709893083,"BT","Spring","2016"
"NsF",6.92861943789982,"BT","Spring","2016"
"BDO",0.659512022525806,"BT","Spring","2016"
"ScB",5.26167211013262,"BT","Spring","2016"
"Mus",3.1863685939625,"BT","Spring","2016"
"GeB",4.54138538282597,"BT","Spring","2016"
"M514",5.75623126775391,"BT","Spring","2016"
"7iA",3.21345688630834,"BT","Summer","2016"
"Ste",2.98872580108112,"BT","Summer","2016"
"InB",16.8995244722755,"BT","Summer","2016"
"NsS",19.0454709642201,"BT","Summer","2016"
"Lab",0.832117170504752,"BT","Summer","2016"
"Bla",4.7680675144424,"BT","Summer","2016"
"NDF",2.03735262381978,"BT","Summer","2016"
"NDS",2.03735262381978,"BT","Summer","2016"
"Tri",7.4365348047613,"BT","Summer","2016"
"Mir",10.5776461751894,"BT","Summer","2016"
"NsF",18.5406197371881,"BT","Summer","2016"
"BDO",3.09734611891109,"BT","Summer","2016"
"ScB",8.49767525411751,"BT","Summer","2016"
"Mus",9.89696150583256,"BT","Summer","2016"
"GeB",5.46969670043012,"BT","Summer","2016"
"M514",7.60194272322783,"BT","Summer","2016"
"7iA",3.98012415904264,"BT","Fall","2016"
"Ste",3.36417789151864,"BT","Fall","2016"
"InB",5.33378688906317,"BT","Fall","2016"
"NsS",7.14920885577806,"BT","Fall","2016"
"Lab",1.56002848354232,"BT","Fall","2016"
"Bla",2.23959036401754,"BT","Fall","2016"
"NDF",3.0694616175834,"BT","Fall","2016"
"NDS",3.0694616175834,"BT","Fall","2016"
"Tri",7.89584922834109,"BT","Fall","2016"
"Mir",7.50684049198707,"BT","Fall","2016"
"NsF",8.17813384319006,"BT","Fall","2016"
"BDO",4.72321539193464,"BT","Fall","2016"
"ScB",10.2418441471661,"BT","Fall","2016"
"Mus",9.52182409613337,"BT","Fall","2016"
"GeB",7.11230680111664,"BT","Fall","2016"
"M514",10.7183764079782,"BT","Fall","2016"
"7iA",3.36499926638687,"BT","Winter","2016"
"Ste",-0.182836251557791,"BT","Winter","2016"
"InB",-1.65735486869606,"BT","Winter","2016"
"NsS",-1.4540425991537,"BT","Winter","2016"
"Lab",-1.66488210157846,"BT","Winter","2016"
"Bla",-1.70301358567523,"BT","Winter","2016"
"NDF",-1.50040189217751,"BT","Winter","2016"
"NDS",-1.50040189217751,"BT","Winter","2016"
"Tri",-0.38221774421134,"BT","Winter","2016"
"Mir",-1.30084562680192,"BT","Winter","2016"
"NsF",-1.12200184296947,"BT","Winter","2016"
"BDO",0.618905368541971,"BT","Winter","2016"
"ScB",4.03255173483136,"BT","Winter","2016"
"Mus",2.14375932514639,"BT","Winter","2016"
"GeB",4.95256173745423,"BT","Winter","2016"
"M514",4.59933400392128,"BT","Winter","2016"
"7iA",2.51360954376394,"BT","Spring","2017"
"Ste",1.27734482364379,"BT","Spring","2017"
"InB",6.23472692369316,"BT","Spring","2017"
"NsS",7.32669507626448,"BT","Spring","2017"
"Lab",-1.10365095012595,"BT","Spring","2017"
"Bla",-0.263916155840401,"BT","Spring","2017"
"NDF",-0.824864094976947,"BT","Spring","2017"
"NDS",-0.824864094976947,"BT","Spring","2017"
"Tri",0.611340587973439,"BT","Spring","2017"
"Mir",2.29678129855835,"BT","Spring","2017"
"NsF",6.48890388968893,"BT","Spring","2017"
"BDO",0.90049044295246,"BT","Spring","2017"
"ScB",4.79011135663691,"BT","Spring","2017"
"Mus",3.81306126636893,"BT","Spring","2017"
"GeB",2.41385536610917,"BT","Spring","2017"
"M514",3.90723939226884,"BT","Spring","2017"
"7iA",2.9456729028374,"BT","Summer","2017"
"Ste",3.36314692446768,"BT","Summer","2017"
"InB",17.2036004040238,"BT","Summer","2017"
"NsS",19.7637328861655,"BT","Summer","2017"
"Lab",0.827927879032568,"BT","Summer","2017"
"Bla",5.47669737435598,"BT","Summer","2017"
"NDF",2.22810554170974,"BT","Summer","2017"
"NDS",2.22810554170974,"BT","Summer","2017"
"Tri",6.50627516370286,"BT","Summer","2017"
"Mir",9.35871140789064,"BT","Summer","2017"
"NsF",18.9429841746964,"BT","Summer","2017"
"BDO",2.58753092316805,"BT","Summer","2017"
"ScB",7.39579229716376,"BT","Summer","2017"
"Mus",10.6599840839768,"BT","Summer","2017"
"GeB",4.43495905538025,"BT","Summer","2017"
"M514",6.81561712932814,"BT","Summer","2017"
"7iA",3.25708769277955,"BT","Fall","2017"
"Ste",4.52050555983656,"BT","Fall","2017"
"InB",4.91929010903644,"BT","Fall","2017"
"NsS",7.02337303903863,"BT","Fall","2017"
"Lab",1.61858177099849,"BT","Fall","2017"
"Bla",3.68337007087193,"BT","Fall","2017"
"NDF",2.87459284403446,"BT","Fall","2017"
"NDS",2.87459284403446,"BT","Fall","2017"
"Tri",7.42427316297048,"BT","Fall","2017"
"Mir",6.92560827905191,"BT","Fall","2017"
"NsF",8.19101409383524,"BT","Fall","2017"
"BDO",5.08022162395145,"BT","Fall","2017"
"ScB",10.5461042430166,"BT","Fall","2017"
"Mus",9.38894712537889,"BT","Fall","2017"
"GeB",5.50020234033246,"BT","Fall","2017"
"M514",8.46658141514886,"BT","Fall","2017"
"7iA",2.95214030543508,"BT","Winter","2017"
"Ste",0.551631793622717,"BT","Winter","2017"
"InB",-1.65466247157417,"BT","Winter","2017"
"NsS",-1.52759332804009,"BT","Winter","2017"
"Lab",-1.62917037192125,"BT","Winter","2017"
"Bla",-1.71454604938833,"BT","Winter","2017"
"NDF",-1.25442069300073,"BT","Winter","2017"
"NDS",-1.25442069300073,"BT","Winter","2017"
"Tri",0.068514360821102,"BT","Winter","2017"
"Mir",-1.3674253366101,"BT","Winter","2017"
"NsF",-1.38053428145756,"BT","Winter","2017"
"BDO",0.142560926525103,"BT","Winter","2017"
"ScB",3.13738821180275,"BT","Winter","2017"
"Mus",1.08581601688466,"BT","Winter","2017"
"GeB",3.8431392064248,"BT","Winter","2017"
"M514",4.26640095854921,"BT","Winter","2017"
"7iA",3.21134511047505,"SST","Spring","2008"
"Ste",1.17439651700421,"SST","Spring","2008"
"InB",6.13779632694454,"SST","Spring","2008"
"NsS",6.00804161276811,"SST","Spring","2008"
"Lab",-0.255728491158509,"SST","Spring","2008"
"Bla",-0.0777393354903212,"SST","Spring","2008"
"NDF",1.13563144589572,"SST","Spring","2008"
"NDS",1.13563144589572,"SST","Spring","2008"
"Tri",1.39243078594657,"SST","Spring","2008"
"Mir",4.08057264432786,"SST","Spring","2008"
"NsF",4.04237877514423,"SST","Spring","2008"
"BDO",1.87377197025749,"SST","Spring","2008"
"ScB",5.51978113590753,"SST","Spring","2008"
"Mus",3.0782605454895,"SST","Spring","2008"
"GeB",4.96138975181212,"SST","Spring","2008"
"M514",6.85691667436844,"SST","Spring","2008"
"7iA",10.8042306377741,"SST","Summer","2008"
"Ste",11.6325515519703,"SST","Summer","2008"
"InB",15.1464825060348,"SST","Summer","2008"
"NsS",16.5802569523484,"SST","Summer","2008"
"Lab",7.12787063131966,"SST","Summer","2008"
"Bla",8.48101021421005,"SST","Summer","2008"
"NDF",8.95719765593499,"SST","Summer","2008"
"NDS",8.95719765593499,"SST","Summer","2008"
"Tri",10.1881713456461,"SST","Summer","2008"
"Mir",13.1223645031776,"SST","Summer","2008"
"NsF",15.9225703320067,"SST","Summer","2008"
"BDO",12.5269267771365,"SST","Summer","2008"
"ScB",14.1633459988686,"SST","Summer","2008"
"Mus",10.964778973515,"SST","Summer","2008"
"GeB",13.2748218895542,"SST","Summer","2008"
"M514",15.1385515257048,"SST","Summer","2008"
"7iA",3.86851442590043,"SST","Fall","2008"
"Ste",5.67439450480375,"SST","Fall","2008"
"InB",3.27320746804062,"SST","Fall","2008"
"NsS",4.62635697351846,"SST","Fall","2008"
"Lab",0.971346212366784,"SST","Fall","2008"
"Bla",2.39131469519716,"SST","Fall","2008"
"NDF",3.49157655500499,"SST","Fall","2008"
"NDS",3.49157655500499,"SST","Fall","2008"
"Tri",7.01789566275218,"SST","Fall","2008"
"Mir",4.9403002072687,"SST","Fall","2008"
"NsF",5.70368424366944,"SST","Fall","2008"
"BDO",7.03384859926477,"SST","Fall","2008"
"ScB",7.65210112235155,"SST","Fall","2008"
"Mus",7.47216083667722,"SST","Fall","2008"
"GeB",8.01784486313903,"SST","Fall","2008"
"M514",8.4722581534525,"SST","Fall","2008"
"7iA",-1.0093358389635,"SST","Winter","2008"
"Ste",-1.22379802263004,"SST","Winter","2008"
"InB",-1.69419858606733,"SST","Winter","2008"
"NsS",-1.55058366449444,"SST","Winter","2008"
"Lab",-1.69322437486419,"SST","Winter","2008"
"Bla",-1.70947448704569,"SST","Winter","2008"
"NDF",-1.55918967064321,"SST","Winter","2008"
"NDS",-1.55918967064321,"SST","Winter","2008"
"Tri",-0.796205532977793,"SST","Winter","2008"
"Mir",-1.55796248424724,"SST","Winter","2008"
"NsF",-1.44953866123511,"SST","Winter","2008"
"BDO",-1.01790826475233,"SST","Winter","2008"
"ScB",0.139814352677067,"SST","Winter","2008"
"Mus",0.707961176249133,"SST","Winter","2008"
"GeB",2.17468502492739,"SST","Winter","2008"
"M514",2.1571358439241,"SST","Winter","2008"
"7iA",2.88046023828302,"SST","Spring","2009"
"Ste",2.17192520481965,"SST","Spring","2009"
"InB",5.17445026810121,"SST","Spring","2009"
"NsS",6.50687729105757,"SST","Spring","2009"
"Lab",0.0149037977532465,"SST","Spring","2009"
"Bla",0.849785694270147,"SST","Spring","2009"
"NDF",0.985463839496427,"SST","Spring","2009"
"NDS",0.985463839496427,"SST","Spring","2009"
"Tri",2.28020674555027,"SST","Spring","2009"
"Mir",3.32603613008475,"SST","Spring","2009"
"NsF",6.07349954442707,"SST","Spring","2009"
"BDO",2.45159216545482,"SST","Spring","2009"
"ScB",6.57401446286567,"SST","Spring","2009"
"Mus",4.23480757722737,"SST","Spring","2009"
"GeB",5.87840262824196,"SST","Spring","2009"
"M514",7.20814417239063,"SST","Spring","2009"
"7iA",10.2546819705665,"SST","Summer","2009"
"Ste",11.1784749678323,"SST","Summer","2009"
"InB",14.7304487834016,"SST","Summer","2009"
"NsS",16.3288156704938,"SST","Summer","2009"
"Lab",5.78667107806683,"SST","Summer","2009"
"Bla",7.72970682009959,"SST","Summer","2009"
"NDF",8.27633153533451,"SST","Summer","2009"
"NDS",8.27633153533451,"SST","Summer","2009"
"Tri",10.3193948815701,"SST","Summer","2009"
"Mir",12.9438362040819,"SST","Summer","2009"
"NsF",16.1075899852834,"SST","Summer","2009"
"BDO",12.5562673840026,"SST","Summer","2009"
"ScB",14.7890306526792,"SST","Summer","2009"
"Mus",10.5996795701961,"SST","Summer","2009"
"GeB",14.1529235558575,"SST","Summer","2009"
"M514",15.5100181928804,"SST","Summer","2009"
"7iA",3.31347607877272,"SST","Fall","2009"
"Ste",2.61899881190681,"SST","Fall","2009"
"InB",2.83880030496217,"SST","Fall","2009"
"NsS",4.36858677173526,"SST","Fall","2009"
"Lab",0.322623545426045,"SST","Fall","2009"
"Bla",0.822161604722474,"SST","Fall","2009"
"NDF",2.43762244929635,"SST","Fall","2009"
"NDS",2.43762244929635,"SST","Fall","2009"
"Tri",5.06922687631594,"SST","Fall","2009"
"Mir",4.71566809463197,"SST","Fall","2009"
"NsF",5.1197125668009,"SST","Fall","2009"
"BDO",6.47919251691144,"SST","Fall","2009"
"ScB",7.29280275332384,"SST","Fall","2009"
"Mus",7.22942958568729,"SST","Fall","2009"
"GeB",8.26162516162752,"SST","Fall","2009"
"M514",8.89613456873044,"SST","Fall","2009"
"7iA",-1.02085100686388,"SST","Winter","2009"
"Ste",-1.22047874913162,"SST","Winter","2009"
"InB",-1.73156074436492,"SST","Winter","2009"
"NsS",-1.65625131529037,"SST","Winter","2009"
"Lab",-1.71776401316637,"SST","Winter","2009"
"Bla",-1.75436586936535,"SST","Winter","2009"
"NDF",-1.57566217165247,"SST","Winter","2009"
"NDS",-1.57566217165247,"SST","Winter","2009"
"Tri",-0.914579089840583,"SST","Winter","2009"
"Mir",-1.59957035602319,"SST","Winter","2009"
"NsF",-1.62132001269189,"SST","Winter","2009"
"BDO",-1.15072062586253,"SST","Winter","2009"
"ScB",-0.645704689574521,"SST","Winter","2009"
"Mus",0.353193088564014,"SST","Winter","2009"
"GeB",2.05168389255812,"SST","Winter","2009"
"M514",1.21710831758738,"SST","Winter","2009"
"7iA",3.95697509769262,"SST","Spring","2010"
"Ste",2.05733183261833,"SST","Spring","2010"
"InB",7.02944676050951,"SST","Spring","2010"
"NsS",6.54623527295994,"SST","Spring","2010"
"Lab",0.164679990231157,"SST","Spring","2010"
"Bla",0.425694197596218,"SST","Spring","2010"
"NDF",1.42411026228171,"SST","Spring","2010"
"NDS",1.42411026228171,"SST","Spring","2010"
"Tri",2.27244366276771,"SST","Spring","2010"
"Mir",4.53041695125465,"SST","Spring","2010"
"NsF",5.90148471931957,"SST","Spring","2010"
"BDO",3.16262100602537,"SST","Spring","2010"
"ScB",7.28419313236105,"SST","Spring","2010"
"Mus",4.29625307205767,"SST","Spring","2010"
"GeB",6.09818549669321,"SST","Spring","2010"
"M514",7.68965977793113,"SST","Spring","2010"
"7iA",11.2142218506166,"SST","Summer","2010"
"Ste",11.4196273799866,"SST","Summer","2010"
"InB",15.4216462034022,"SST","Summer","2010"
"NsS",17.3360686360976,"SST","Summer","2010"
"Lab",5.51652772896755,"SST","Summer","2010"
"Bla",7.90783025324574,"SST","Summer","2010"
"NDF",8.01625780018595,"SST","Summer","2010"
"NDS",8.01625780018595,"SST","Summer","2010"
"Tri",10.0801778242783,"SST","Summer","2010"
"Mir",14.3989069238227,"SST","Summer","2010"
"NsF",16.8731259041072,"SST","Summer","2010"
"BDO",13.1823960398118,"SST","Summer","2010"
"ScB",15.1440762821725,"SST","Summer","2010"
"Mus",10.8585105470786,"SST","Summer","2010"
"GeB",14.0688535029768,"SST","Summer","2010"
"M514",15.7473001241621,"SST","Summer","2010"
"7iA",3.39686716125021,"SST","Fall","2010"
"Ste",5.31455792836524,"SST","Fall","2010"
"InB",3.69797332567265,"SST","Fall","2010"
"NsS",5.36265100223284,"SST","Fall","2010"
"Lab",1.76324081198977,"SST","Fall","2010"
"Bla",2.621997961801,"SST","Fall","2010"
"NDF",3.30201164921007,"SST","Fall","2010"
"NDS",3.30201164921007,"SST","Fall","2010"
"Tri",6.51286839939132,"SST","Fall","2010"
"Mir",5.46029884508339,"SST","Fall","2010"
"NsF",6.43031926791477,"SST","Fall","2010"
"BDO",6.89970023818034,"SST","Fall","2010"
"ScB",7.99408539753838,"SST","Fall","2010"
"Mus",7.41046263503087,"SST","Fall","2010"
"GeB",8.09844928711898,"SST","Fall","2010"
"M514",7.99298379773791,"SST","Fall","2010"
"7iA",-1.19715348578727,"SST","Winter","2010"
"Ste",-0.661734371067683,"SST","Winter","2010"
"InB",-1.66653778090889,"SST","Winter","2010"
"NsS",-1.5855769680833,"SST","Winter","2010"
"Lab",-1.69106137223035,"SST","Winter","2010"
"Bla",-1.69699399709833,"SST","Winter","2010"
"NDF",-1.59434759554256,"SST","Winter","2010"
"NDS",-1.59434759554256,"SST","Winter","2010"
"Tri",-1.21435942186116,"SST","Winter","2010"
"Mir",-1.5400386416406,"SST","Winter","2010"
"NsF",-1.50817998948648,"SST","Winter","2010"
"BDO",-0.740034127403119,"SST","Winter","2010"
"ScB",0.446258980134225,"SST","Winter","2010"
"Mus",0.0827088331035576,"SST","Winter","2010"
"GeB",1.23257993043267,"SST","Winter","2010"
"M514",1.23554217654601,"SST","Winter","2010"
"7iA",3.02507535097853,"SST","Spring","2011"
"Ste",1.40195696583926,"SST","Spring","2011"
"InB",5.96042902584791,"SST","Spring","2011"
"NsS",7.06152091164506,"SST","Spring","2011"
"Lab",0.305232805164487,"SST","Spring","2011"
"Bla",0.65404946666166,"SST","Spring","2011"
"NDF",0.716233045979692,"SST","Spring","2011"
"NDS",0.716233045979692,"SST","Spring","2011"
"Tri",2.41547442278968,"SST","Spring","2011"
"Mir",4.14342220819955,"SST","Spring","2011"
"NsF",6.18945003282652,"SST","Spring","2011"
"BDO",2.54391540557516,"SST","Spring","2011"
"ScB",5.94460334146567,"SST","Spring","2011"
"Mus",4.6466890077855,"SST","Spring","2011"
"GeB",6.07261237607872,"SST","Spring","2011"
"M514",7.27899600830017,"SST","Spring","2011"
"7iA",9.8388394222076,"SST","Summer","2011"
"Ste",11.3583815246668,"SST","Summer","2011"
"InB",15.0804110903334,"SST","Summer","2011"
"NsS",16.3804397427171,"SST","Summer","2011"
"Lab",5.9895914082081,"SST","Summer","2011"
"Bla",8.54793509840229,"SST","Summer","2011"
"NDF",7.66994720302085,"SST","Summer","2011"
"NDS",7.66994720302085,"SST","Summer","2011"
"Tri",9.17003700222386,"SST","Summer","2011"
"Mir",13.2279720400916,"SST","Summer","2011"
"NsF",16.1698451946582,"SST","Summer","2011"
"BDO",12.3078461733142,"SST","Summer","2011"
"ScB",14.5410374218125,"SST","Summer","2011"
"Mus",11.2543556518083,"SST","Summer","2011"
"GeB",13.9932125986521,"SST","Summer","2011"
"M514",15.1177004592524,"SST","Summer","2011"
"7iA",3.58162540681579,"SST","Fall","2011"
"Ste",3.2530444371428,"SST","Fall","2011"
"InB",3.91413189198215,"SST","Fall","2011"
"NsS",5.3543573699627,"SST","Fall","2011"
"Lab",0.86116005681661,"SST","Fall","2011"
"Bla",1.58763441072202,"SST","Fall","2011"
"NDF",3.03408841305381,"SST","Fall","2011"
"NDS",3.03408841305381,"SST","Fall","2011"
"Tri",6.39250415949015,"SST","Fall","2011"
"Mir",5.77051386420393,"SST","Fall","2011"
"NsF",6.28624613020045,"SST","Fall","2011"
"BDO",7.2152326689673,"SST","Fall","2011"
"ScB",8.41547377666278,"SST","Fall","2011"
"Mus",8.06763023125027,"SST","Fall","2011"
"GeB",9.05169830747922,"SST","Fall","2011"
"M514",9.15256607117009,"SST","Fall","2011"
"7iA",-0.966388959491472,"SST","Winter","2011"
"Ste",-0.488512103171132,"SST","Winter","2011"
"InB",-1.67344446292736,"SST","Winter","2011"
"NsS",-1.58108968700779,"SST","Winter","2011"
"Lab",-1.45278621243514,"SST","Winter","2011"
"Bla",-1.36178126138931,"SST","Winter","2011"
"NDF",-0.874367349078277,"SST","Winter","2011"
"NDS",-0.874367349078277,"SST","Winter","2011"
"Tri",0.567219581487995,"SST","Winter","2011"
"Mir",-1.29876240110088,"SST","Winter","2011"
"NsF",-1.47190272195493,"SST","Winter","2011"
"BDO",-0.246645488306278,"SST","Winter","2011"
"ScB",0.380734919779379,"SST","Winter","2011"
"Mus",1.01590366050746,"SST","Winter","2011"
"GeB",2.16204939420768,"SST","Winter","2011"
"M514",1.13644268720066,"SST","Winter","2011"
"7iA",5.12228244681779,"SST","Spring","2012"
"Ste",3.2775861697306,"SST","Spring","2012"
"InB",8.65990489800525,"SST","Spring","2012"
"NsS",10.0716489880574,"SST","Spring","2012"
"Lab",0.839387327481119,"SST","Spring","2012"
"Bla",1.96692814324979,"SST","Spring","2012"
"NDF",1.79460740039238,"SST","Spring","2012"
"NDS",1.79460740039238,"SST","Spring","2012"
"Tri",3.60239989633061,"SST","Spring","2012"
"Mir",6.39168880459724,"SST","Spring","2012"
"NsF",9.02366551026719,"SST","Spring","2012"
"BDO",4.76340794092996,"SST","Spring","2012"
"ScB",9.21275944037455,"SST","Spring","2012"
"Mus",6.85264101214291,"SST","Spring","2012"
"GeB",9.56092682258544,"SST","Spring","2012"
"M514",10.8418559930148,"SST","Spring","2012"
"7iA",12.7988447280334,"SST","Summer","2012"
"Ste",16.0941564392207,"SST","Summer","2012"
"InB",18.517106267424,"SST","Summer","2012"
"NsS",20.3017813603948,"SST","Summer","2012"
"Lab",8.55491943123264,"SST","Summer","2012"
"Bla",13.1604953720059,"SST","Summer","2012"
"NDF",10.6390915274846,"SST","Summer","2012"
"NDS",10.6390915274846,"SST","Summer","2012"
"Tri",12.8795316533694,"SST","Summer","2012"
"Mir",17.0455964905503,"SST","Summer","2012"
"NsF",20.2984780196488,"SST","Summer","2012"
"BDO",17.4659352088279,"SST","Summer","2012"
"ScB",19.0782177507581,"SST","Summer","2012"
"Mus",14.4085865172264,"SST","Summer","2012"
"GeB",19.1521098108988,"SST","Summer","2012"
"M514",20.5686503591155,"SST","Summer","2012"
"7iA",4.89614498460111,"SST","Fall","2012"
"Ste",8.02122517697675,"SST","Fall","2012"
"InB",4.75282536438046,"SST","Fall","2012"
"NsS",6.84057754842071,"SST","Fall","2012"
"Lab",2.05813044925617,"SST","Fall","2012"
"Bla",3.81795599149941,"SST","Fall","2012"
"NDF",4.55449011980564,"SST","Fall","2012"
"NDS",4.55449011980564,"SST","Fall","2012"
"Tri",8.48161868360754,"SST","Fall","2012"
"Mir",7.04084258917854,"SST","Fall","2012"
"NsF",8.03517243598074,"SST","Fall","2012"
"BDO",9.26885617094956,"SST","Fall","2012"
"ScB",10.5064995783186,"SST","Fall","2012"
"Mus",9.69587382944278,"SST","Fall","2012"
"GeB",11.2984026044263,"SST","Fall","2012"
"M514",11.5815200496961,"SST","Fall","2012"
"7iA",-1.17485374655214,"SST","Winter","2012"
"Ste",-0.979895040831899,"SST","Winter","2012"
"InB",-1.65050300935431,"SST","Winter","2012"
"NsS",-1.44253321238271,"SST","Winter","2012"
"Lab",-1.72934965659689,"SST","Winter","2012"
"Bla",-1.70773692987459,"SST","Winter","2012"
"NDF",-1.52187358429989,"SST","Winter","2012"
"NDS",-1.52187358429989,"SST","Winter","2012"
"Tri",-0.294402225815703,"SST","Winter","2012"
"Mir",-1.42986981319374,"SST","Winter","2012"
"NsF",-1.31030393333264,"SST","Winter","2012"
"BDO",-0.540133686766527,"SST","Winter","2012"
"ScB",1.55994343107963,"SST","Winter","2012"
"Mus",1.86164429693807,"SST","Winter","2012"
"GeB",4.00999441036342,"SST","Winter","2012"
"M514",3.89477148860868,"SST","Winter","2012"
"7iA",5.21302842494902,"SST","Spring","2013"
"Ste",3.48395329687759,"SST","Spring","2013"
"InB",8.04948232408717,"SST","Spring","2013"
"NsS",9.15475755491793,"SST","Spring","2013"
"Lab",0.821469543723459,"SST","Spring","2013"
"Bla",1.94782429970843,"SST","Spring","2013"
"NDF",1.90005720646229,"SST","Spring","2013"
"NDS",1.90005720646229,"SST","Spring","2013"
"Tri",3.78822478310294,"SST","Spring","2013"
"Mir",5.90996763450134,"SST","Spring","2013"
"NsF",8.3533865867919,"SST","Spring","2013"
"BDO",4.45497441915354,"SST","Spring","2013"
"ScB",8.4252853966984,"SST","Spring","2013"
"Mus",5.1458543918486,"SST","Spring","2013"
"GeB",8.41264600867627,"SST","Spring","2013"
"M514",9.57636990522774,"SST","Spring","2013"
"7iA",12.1481324552621,"SST","Summer","2013"
"Ste",14.0882473420449,"SST","Summer","2013"
"InB",17.0951645926138,"SST","Summer","2013"
"NsS",19.1514565381396,"SST","Summer","2013"
"Lab",6.87506874375115,"SST","Summer","2013"
"Bla",10.0671629727029,"SST","Summer","2013"
"NDF",9.16278972447272,"SST","Summer","2013"
"NDS",9.16278972447272,"SST","Summer","2013"
"Tri",12.5203393295889,"SST","Summer","2013"
"Mir",16.1127743192138,"SST","Summer","2013"
"NsF",19.2850613120807,"SST","Summer","2013"
"BDO",16.4330917627919,"SST","Summer","2013"
"ScB",17.9794835810617,"SST","Summer","2013"
"Mus",11.9236673046192,"SST","Summer","2013"
"GeB",17.8108061134176,"SST","Summer","2013"
"M514",18.8939488770655,"SST","Summer","2013"
"7iA",4.13924705914254,"SST","Fall","2013"
"Ste",4.6921193272153,"SST","Fall","2013"
"InB",4.2862300496003,"SST","Fall","2013"
"NsS",5.72189980677698,"SST","Fall","2013"
"Lab",1.71142622827824,"SST","Fall","2013"
"Bla",2.58945106360855,"SST","Fall","2013"
"NDF",3.82727672607076,"SST","Fall","2013"
"NDS",3.82727672607076,"SST","Fall","2013"
"Tri",8.02581852128005,"SST","Fall","2013"
"Mir",6.01142798206302,"SST","Fall","2013"
"NsF",6.60059448890549,"SST","Fall","2013"
"BDO",8.25599021493975,"SST","Fall","2013"
"ScB",9.00434024916267,"SST","Fall","2013"
"Mus",8.8346085990766,"SST","Fall","2013"
"GeB",9.63471468431,"SST","Fall","2013"
"M514",10.2858381291831,"SST","Fall","2013"
"7iA",-0.829940243386137,"SST","Winter","2013"
"Ste",-0.537067485706914,"SST","Winter","2013"
"InB",-1.57075361856237,"SST","Winter","2013"
"NsS",-1.45268969450345,"SST","Winter","2013"
"Lab",-1.6484452128831,"SST","Winter","2013"
"Bla",-1.58210128232594,"SST","Winter","2013"
"NDF",-1.29067119005495,"SST","Winter","2013"
"NDS",-1.29067119005495,"SST","Winter","2013"
"Tri",0.151901299083078,"SST","Winter","2013"
"Mir",-1.44342539550131,"SST","Winter","2013"
"NsF",-1.40607125855557,"SST","Winter","2013"
"BDO",-0.489608253451304,"SST","Winter","2013"
"ScB",1.35145602790908,"SST","Winter","2013"
"Mus",1.55094312193925,"SST","Winter","2013"
"GeB",3.68124656475022,"SST","Winter","2013"
"M514",3.48367421431542,"SST","Winter","2013"
"7iA",3.69607704143045,"SST","Spring","2014"
"Ste",3.01283316567543,"SST","Spring","2014"
"InB",6.12786716028163,"SST","Spring","2014"
"NsS",6.42267986195553,"SST","Spring","2014"
"Lab",0.615441635048797,"SST","Spring","2014"
"Bla",1.11406941832059,"SST","Spring","2014"
"NDF",1.56586205789418,"SST","Spring","2014"
"NDS",1.56586205789418,"SST","Spring","2014"
"Tri",2.48069639378944,"SST","Spring","2014"
"Mir",4.39627824231528,"SST","Spring","2014"
"NsF",6.03032888987819,"SST","Spring","2014"
"BDO",3.25315809121678,"SST","Spring","2014"
"ScB",7.70800759258352,"SST","Spring","2014"
"Mus",5.29818466981872,"SST","Spring","2014"
"GeB",7.47811302308365,"SST","Spring","2014"
"M514",8.95908304428959,"SST","Spring","2014"
"7iA",11.244190463392,"SST","Summer","2014"
"Ste",14.0563120416267,"SST","Summer","2014"
"InB",17.728836777859,"SST","Summer","2014"
"NsS",19.2679307034656,"SST","Summer","2014"
"Lab",8.33452309895703,"SST","Summer","2014"
"Bla",11.0553858840866,"SST","Summer","2014"
"NDF",9.70434134574908,"SST","Summer","2014"
"NDS",9.70434134574908,"SST","Summer","2014"
"Tri",12.004026173763,"SST","Summer","2014"
"Mir",15.6850171577275,"SST","Summer","2014"
"NsF",18.9669702444071,"SST","Summer","2014"
"BDO",15.9737172405612,"SST","Summer","2014"
"ScB",17.7135270647818,"SST","Summer","2014"
"Mus",12.4998861886097,"SST","Summer","2014"
"GeB",17.6449988059882,"SST","Summer","2014"
"M514",18.7636660948033,"SST","Summer","2014"
"7iA",4.46456891961675,"SST","Fall","2014"
"Ste",6.60424948696983,"SST","Fall","2014"
"InB",4.18465247905875,"SST","Fall","2014"
"NsS",6.27995529621824,"SST","Fall","2014"
"Lab",1.4764935355738,"SST","Fall","2014"
"Bla",2.75711447106812,"SST","Fall","2014"
"NDF",4.36813538730541,"SST","Fall","2014"
"NDS",4.36813538730541,"SST","Fall","2014"
"Tri",8.66518680401675,"SST","Fall","2014"
"Mir",6.2872075707631,"SST","Fall","2014"
"NsF",7.61752022825085,"SST","Fall","2014"
"BDO",8.1315619697574,"SST","Fall","2014"
"ScB",10.4324813879176,"SST","Fall","2014"
"Mus",9.37167586235212,"SST","Fall","2014"
"GeB",11.2064667520945,"SST","Fall","2014"
"M514",11.1622701084797,"SST","Fall","2014"
"7iA",-1.0298092450696,"SST","Winter","2014"
"Ste",-1.47308879622841,"SST","Winter","2014"
"InB",-1.71913309812244,"SST","Winter","2014"
"NsS",-1.62097318770719,"SST","Winter","2014"
"Lab",-1.70895076741953,"SST","Winter","2014"
"Bla",-1.73697913849102,"SST","Winter","2014"
"NDF",-1.58967153284705,"SST","Winter","2014"
"NDS",-1.58967153284705,"SST","Winter","2014"
"Tri",-0.97562651927503,"SST","Winter","2014"
"Mir",-1.60074440866509,"SST","Winter","2014"
"NsF",-1.52396561343951,"SST","Winter","2014"
"BDO",-1.23274268825,"SST","Winter","2014"
"ScB",0.00636631273684014,"SST","Winter","2014"
"Mus",0.562500066403993,"SST","Winter","2014"
"GeB",2.54762233655249,"SST","Winter","2014"
"M514",1.88473592746757,"SST","Winter","2014"
"7iA",3.06890229318586,"SST","Spring","2015"
"Ste",2.53089153855987,"SST","Spring","2015"
"InB",6.33969190317738,"SST","Spring","2015"
"NsS",7.21493634190208,"SST","Spring","2015"
"Lab",0.714048260480094,"SST","Spring","2015"
"Bla",1.3857365856443,"SST","Spring","2015"
"NDF",1.56170353869632,"SST","Spring","2015"
"NDS",1.56170353869632,"SST","Spring","2015"
"Tri",2.60070636520846,"SST","Spring","2015"
"Mir",4.43444161402925,"SST","Spring","2015"
"NsF",5.98126862687212,"SST","Spring","2015"
"BDO",2.71848631185531,"SST","Spring","2015"
"ScB",6.75887520909707,"SST","Spring","2015"
"Mus",3.8093936232406,"SST","Spring","2015"
"GeB",7.25756449789554,"SST","Spring","2015"
"M514",8.69285523080844,"SST","Spring","2015"
"7iA",12.4617341279916,"SST","Summer","2015"
"Ste",13.6326001983779,"SST","Summer","2015"
"InB",17.4869284573791,"SST","Summer","2015"
"NsS",19.8306993044869,"SST","Summer","2015"
"Lab",6.62056723435684,"SST","Summer","2015"
"Bla",9.46624573231796,"SST","Summer","2015"
"NDF",10.1503144927785,"SST","Summer","2015"
"NDS",10.1503144927785,"SST","Summer","2015"
"Tri",12.0640570922451,"SST","Summer","2015"
"Mir",16.3289044283253,"SST","Summer","2015"
"NsF",19.2261609396956,"SST","Summer","2015"
"BDO",16.0007371700305,"SST","Summer","2015"
"ScB",18.3098386116535,"SST","Summer","2015"
"Mus",14.4591764242757,"SST","Summer","2015"
"GeB",18.7507837882973,"SST","Summer","2015"
"M514",20.0353100390036,"SST","Summer","2015"
"7iA",4.28187261336795,"SST","Fall","2015"
"Ste",5.67274246638536,"SST","Fall","2015"
"InB",4.5514943594814,"SST","Fall","2015"
"NsS",6.58715571808202,"SST","Fall","2015"
"Lab",1.08863470279215,"SST","Fall","2015"
"Bla",1.85998321871936,"SST","Fall","2015"
"NDF",3.7630159075928,"SST","Fall","2015"
"NDS",3.7630159075928,"SST","Fall","2015"
"Tri",7.57334908998881,"SST","Fall","2015"
"Mir",6.51698466597406,"SST","Fall","2015"
"NsF",7.7756437646824,"SST","Fall","2015"
"BDO",8.28590694657007,"SST","Fall","2015"
"ScB",10.0915474355604,"SST","Fall","2015"
"Mus",10.0522611965397,"SST","Fall","2015"
"GeB",11.3935923840498,"SST","Fall","2015"
"M514",11.570502937232,"SST","Fall","2015"
"7iA",-0.807068389720832,"SST","Winter","2015"
"Ste",-0.667832016505302,"SST","Winter","2015"
"InB",-1.74855531570742,"SST","Winter","2015"
"NsS",-1.63379604112268,"SST","Winter","2015"
"Lab",-1.70228073344522,"SST","Winter","2015"
"Bla",-1.73374306069024,"SST","Winter","2015"
"NDF",-1.56790284002694,"SST","Winter","2015"
"NDS",-1.56790284002694,"SST","Winter","2015"
"Tri",-0.149806844842134,"SST","Winter","2015"
"Mir",-1.54839065304066,"SST","Winter","2015"
"NsF",-1.49719190591897,"SST","Winter","2015"
"BDO",-0.850048267436457,"SST","Winter","2015"
"ScB",0.0449847696377102,"SST","Winter","2015"
"Mus",0.289266332964431,"SST","Winter","2015"
"GeB",2.70028566819832,"SST","Winter","2015"
"M514",2.00149286873021,"SST","Winter","2015"
"7iA",3.90179868523061,"SST","Spring","2016"
"Ste",2.135748841439,"SST","Spring","2016"
"InB",6.94527190217572,"SST","Spring","2016"
"NsS",7.86088956467203,"SST","Spring","2016"
"Lab",0.689998807334802,"SST","Spring","2016"
"Bla",1.1021248713185,"SST","Spring","2016"
"NDF",1.84435332908482,"SST","Spring","2016"
"NDS",1.84435332908482,"SST","Spring","2016"
"Tri",2.83262157284717,"SST","Spring","2016"
"Mir",4.89638201191677,"SST","Spring","2016"
"NsF",7.1673585480514,"SST","Spring","2016"
"BDO",3.56738209844446,"SST","Spring","2016"
"ScB",8.04213365351313,"SST","Spring","2016"
"Mus",4.75862772395084,"SST","Spring","2016"
"GeB",8.28807394350222,"SST","Spring","2016"
"M514",9.70366978528867,"SST","Spring","2016"
"7iA",11.8634487519807,"SST","Summer","2016"
"Ste",13.3766648445127,"SST","Summer","2016"
"InB",16.9207870783391,"SST","Summer","2016"
"NsS",19.0494600401196,"SST","Summer","2016"
"Lab",7.55269998558003,"SST","Summer","2016"
"Bla",9.20115329379703,"SST","Summer","2016"
"NDF",10.6884951768424,"SST","Summer","2016"
"NDS",10.6884951768424,"SST","Summer","2016"
"Tri",12.0588575856117,"SST","Summer","2016"
"Mir",15.6020599223149,"SST","Summer","2016"
"NsF",18.8273725262074,"SST","Summer","2016"
"BDO",15.7369542755725,"SST","Summer","2016"
"ScB",17.6351376269687,"SST","Summer","2016"
"Mus",13.6022086529778,"SST","Summer","2016"
"GeB",17.8768618215748,"SST","Summer","2016"
"M514",19.8604550340944,"SST","Summer","2016"
"7iA",5.85445710759435,"SST","Fall","2016"
"Ste",5.02811046271011,"SST","Fall","2016"
"InB",5.32619806990927,"SST","Fall","2016"
"NsS",7.13478105470022,"SST","Fall","2016"
"Lab",1.62641789525579,"SST","Fall","2016"
"Bla",2.24189997998392,"SST","Fall","2016"
"NDF",4.48763455392907,"SST","Fall","2016"
"NDS",4.48763455392907,"SST","Fall","2016"
"Tri",8.45132210674715,"SST","Fall","2016"
"Mir",7.42781948078142,"SST","Fall","2016"
"NsF",8.13071834569044,"SST","Fall","2016"
"BDO",8.97294014198119,"SST","Fall","2016"
"ScB",10.4570389617571,"SST","Fall","2016"
"Mus",9.75252548223443,"SST","Fall","2016"
"GeB",11.0375626368933,"SST","Fall","2016"
"M514",11.4548331390586,"SST","Fall","2016"
"7iA",-0.774299114363139,"SST","Winter","2016"
"Ste",-1.09359585959271,"SST","Winter","2016"
"InB",-1.66730053410758,"SST","Winter","2016"
"NsS",-1.47682859644732,"SST","Winter","2016"
"Lab",-1.7101601329434,"SST","Winter","2016"
"Bla",-1.71694412052934,"SST","Winter","2016"
"NDF",-1.63075364771242,"SST","Winter","2016"
"NDS",-1.63075364771242,"SST","Winter","2016"
"Tri",-0.452805140373725,"SST","Winter","2016"
"Mir",-1.37508721288144,"SST","Winter","2016"
"NsF",-1.1607643760605,"SST","Winter","2016"
"BDO",-0.119976028223083,"SST","Winter","2016"
"ScB",2.6059985592279,"SST","Winter","2016"
"Mus",2.09368319767613,"SST","Winter","2016"
"GeB",3.87620283652437,"SST","Winter","2016"
"M514",4.22319573016075,"SST","Winter","2016"
"7iA",3.12040951616248,"SST","Spring","2017"
"Ste",2.53075197209865,"SST","Spring","2017"
"InB",6.17326317787135,"SST","Spring","2017"
"NsS",7.02423141104928,"SST","Spring","2017"
"Lab",0.634452778103891,"SST","Spring","2017"
"Bla",0.735834339109486,"SST","Spring","2017"
"NDF",0.860345197704353,"SST","Spring","2017"
"NDS",0.860345197704353,"SST","Spring","2017"
"Tri",2.02829550782733,"SST","Spring","2017"
"Mir",4.70225471310475,"SST","Spring","2017"
"NsF",6.46763186363008,"SST","Spring","2017"
"BDO",3.28756585516254,"SST","Spring","2017"
"ScB",7.72925582222481,"SST","Spring","2017"
"Mus",4.90597336539845,"SST","Spring","2017"
"GeB",7.13683019279785,"SST","Spring","2017"
"M514",9.25441008936756,"SST","Spring","2017"
"7iA",12.9432815049685,"SST","Summer","2017"
"Ste",13.8152928277627,"SST","Summer","2017"
"InB",17.2417558579575,"SST","Summer","2017"
"NsS",19.7672058396642,"SST","Summer","2017"
"Lab",7.45882099615051,"SST","Summer","2017"
"Bla",9.33747085939464,"SST","Summer","2017"
"NDF",10.3473183061504,"SST","Summer","2017"
"NDS",10.3473183061504,"SST","Summer","2017"
"Tri",12.2383000385857,"SST","Summer","2017"
"Mir",16.3889908507165,"SST","Summer","2017"
"NsF",19.4893733074685,"SST","Summer","2017"
"BDO",16.642536198295,"SST","Summer","2017"
"ScB",17.8648753313544,"SST","Summer","2017"
"Mus",14.4577515121751,"SST","Summer","2017"
"GeB",17.6150591409957,"SST","Summer","2017"
"M514",18.8299585556649,"SST","Summer","2017"
"7iA",4.21053196588328,"SST","Fall","2017"
"Ste",6.91931458320136,"SST","Fall","2017"
"InB",4.91763782157995,"SST","Fall","2017"
"NsS",7.01796445484449,"SST","Fall","2017"
"Lab",1.73529576351088,"SST","Fall","2017"
"Bla",3.87775855581813,"SST","Fall","2017"
"NDF",4.62375441950303,"SST","Fall","2017"
"NDS",4.62375441950303,"SST","Fall","2017"
"Tri",8.24413037284035,"SST","Fall","2017"
"Mir",6.99631579875654,"SST","Fall","2017"
"NsF",8.13923222625843,"SST","Fall","2017"
"BDO",9.17761385675498,"SST","Fall","2017"
"ScB",10.7501854891684,"SST","Fall","2017"
"Mus",9.8679901638582,"SST","Fall","2017"
"GeB",11.4809159929434,"SST","Fall","2017"
"M514",11.4473900047357,"SST","Fall","2017"
"7iA",-0.757820695518888,"SST","Winter","2017"
"Ste",-0.896475449312392,"SST","Winter","2017"
"InB",-1.67322172282137,"SST","Winter","2017"
"NsS",-1.53726356607751,"SST","Winter","2017"
"Lab",-1.70294277934566,"SST","Winter","2017"
"Bla",-1.72969913708605,"SST","Winter","2017"
"NDF",-1.47595494103057,"SST","Winter","2017"
"NDS",-1.47595494103057,"SST","Winter","2017"
"Tri",0.0136309025804854,"SST","Winter","2017"
"Mir",-1.42726403007007,"SST","Winter","2017"
"NsF",-1.41272352671456,"SST","Winter","2017"
"BDO",-0.609585440899893,"SST","Winter","2017"
"ScB",1.6240873792373,"SST","Winter","2017"
"Mus",0.995930554882621,"SST","Winter","2017"
"GeB",2.89288391977418,"SST","Winter","2017"
"M514",3.69193349125419,"SST","Winter","2017"
"7iA",23.2082140378222,"SSS","Spring","2008"
"Ste",31.4781686818303,"SSS","Spring","2008"
"InB",29.3304707199904,"SSS","Spring","2008"
"NsS",27.2725506202164,"SSS","Spring","2008"
"Lab",30.9677488554919,"SSS","Spring","2008"
"Bla",31.2988517191394,"SSS","Spring","2008"
"NDF",32.1206698769638,"SSS","Spring","2008"
"NDS",32.1206698769638,"SSS","Spring","2008"
"Tri",31.450590552389,"SSS","Spring","2008"
"Mir",28.4714464152323,"SSS","Spring","2008"
"NsF",26.3972119872993,"SSS","Spring","2008"
"BDO",30.4659010399433,"SSS","Spring","2008"
"ScB",28.4316614703792,"SSS","Spring","2008"
"Mus",30.9677484940061,"SSS","Spring","2008"
"GeB",31.187908561136,"SSS","Spring","2008"
"M514",30.7492321136024,"SSS","Spring","2008"
"7iA",23.421373769981,"SSS","Summer","2008"
"Ste",30.8043057833124,"SSS","Summer","2008"
"InB",27.9955556664101,"SSS","Summer","2008"
"NsS",26.8862569979346,"SSS","Summer","2008"
"Lab",30.6150345552721,"SSS","Summer","2008"
"Bla",30.7609814149224,"SSS","Summer","2008"
"NDF",31.0742987542922,"SSS","Summer","2008"
"NDS",31.0742987542922,"SSS","Summer","2008"
"Tri",31.6634380246669,"SSS","Summer","2008"
"Mir",26.9391037435554,"SSS","Summer","2008"
"NsF",27.2918401578225,"SSS","Summer","2008"
"BDO",29.688139471305,"SSS","Summer","2008"
"ScB",29.0356919488077,"SSS","Summer","2008"
"Mus",30.8758645287198,"SSS","Summer","2008"
"GeB",31.2749571527573,"SSS","Summer","2008"
"M514",31.3087502807047,"SSS","Summer","2008"
"7iA",27.8605228832177,"SSS","Fall","2008"
"Ste",31.14111974665,"SSS","Fall","2008"
"InB",28.8733787620305,"SSS","Fall","2008"
"NsS",27.0150699346333,"SSS","Fall","2008"
"Lab",31.2725459357599,"SSS","Fall","2008"
"Bla",31.2513575109874,"SSS","Fall","2008"
"NDF",31.5638117835816,"SSS","Fall","2008"
"NDS",31.5638117835816,"SSS","Fall","2008"
"Tri",31.602271662657,"SSS","Fall","2008"
"Mir",27.7821187147969,"SSS","Fall","2008"
"NsF",27.0827178255014,"SSS","Fall","2008"
"BDO",29.0541939076248,"SSS","Fall","2008"
"ScB",30.3782421057591,"SSS","Fall","2008"
"Mus",30.8003056069892,"SSS","Fall","2008"
"GeB",31.304937766212,"SSS","Fall","2008"
"M514",31.5887099460579,"SSS","Fall","2008"
"7iA",28.3513361801486,"SSS","Winter","2008"
"Ste",31.6588415805678,"SSS","Winter","2008"
"InB",31.0181468715193,"SSS","Winter","2008"
"NsS",28.5071605627773,"SSS","Winter","2008"
"Lab",32.1763169837438,"SSS","Winter","2008"
"Bla",31.9794700750672,"SSS","Winter","2008"
"NDF",31.9273652261262,"SSS","Winter","2008"
"NDS",31.9273652261262,"SSS","Winter","2008"
"Tri",31.0949930985689,"SSS","Winter","2008"
"Mir",29.4888337602357,"SSS","Winter","2008"
"NsF",26.6446956956076,"SSS","Winter","2008"
"BDO",29.5935405675036,"SSS","Winter","2008"
"ScB",29.0353327935653,"SSS","Winter","2008"
"Mus",30.5573420542598,"SSS","Winter","2008"
"GeB",30.5600868794615,"SSS","Winter","2008"
"M514",30.9626531625128,"SSS","Winter","2008"
"7iA",25.3456810864228,"SSS","Spring","2009"
"Ste",31.5598326073983,"SSS","Spring","2009"
"InB",29.1975370919386,"SSS","Spring","2009"
"NsS",27.3797794269247,"SSS","Spring","2009"
"Lab",31.7109887839092,"SSS","Spring","2009"
"Bla",31.7585777372081,"SSS","Spring","2009"
"NDF",32.0482551986516,"SSS","Spring","2009"
"NDS",32.0482551986516,"SSS","Spring","2009"
"Tri",31.7529925290644,"SSS","Spring","2009"
"Mir",29.0600761632723,"SSS","Spring","2009"
"NsF",28.1849229193828,"SSS","Spring","2009"
"BDO",30.6737074786053,"SSS","Spring","2009"
"ScB",29.0588868424275,"SSS","Spring","2009"
"Mus",31.1138036172453,"SSS","Spring","2009"
"GeB",31.35137505743,"SSS","Spring","2009"
"M514",31.372154055207,"SSS","Spring","2009"
"7iA",23.4838784551976,"SSS","Summer","2009"
"Ste",30.8450615737191,"SSS","Summer","2009"
"InB",28.3692805977036,"SSS","Summer","2009"
"NsS",27.6258852254827,"SSS","Summer","2009"
"Lab",31.0310525125843,"SSS","Summer","2009"
"Bla",30.9658715759864,"SSS","Summer","2009"
"NDF",31.1359499813535,"SSS","Summer","2009"
"NDS",31.1359499813535,"SSS","Summer","2009"
"Tri",31.7367562592147,"SSS","Summer","2009"
"Mir",27.1378182540878,"SSS","Summer","2009"
"NsF",28.6092311940349,"SSS","Summer","2009"
"BDO",29.8806882510204,"SSS","Summer","2009"
"ScB",29.5366175908849,"SSS","Summer","2009"
"Mus",31.0522991339433,"SSS","Summer","2009"
"GeB",31.4285482755903,"SSS","Summer","2009"
"M514",31.504909945207,"SSS","Summer","2009"
"7iA",27.1755085325552,"SSS","Fall","2009"
"Ste",31.526163929197,"SSS","Fall","2009"
"InB",29.1151835447929,"SSS","Fall","2009"
"NsS",26.9765877776424,"SSS","Fall","2009"
"Lab",31.7109816633513,"SSS","Fall","2009"
"Bla",31.664550088745,"SSS","Fall","2009"
"NDF",31.7873920325216,"SSS","Fall","2009"
"NDS",31.7873920325216,"SSS","Fall","2009"
"Tri",31.6227549142673,"SSS","Fall","2009"
"Mir",28.0435762906043,"SSS","Fall","2009"
"NsF",27.2317856644441,"SSS","Fall","2009"
"BDO",29.4477798469115,"SSS","Fall","2009"
"ScB",30.367155165589,"SSS","Fall","2009"
"Mus",30.5102002383085,"SSS","Fall","2009"
"GeB",31.1157000705167,"SSS","Fall","2009"
"M514",31.7091800020298,"SSS","Fall","2009"
"7iA",29.9523766800791,"SSS","Winter","2009"
"Ste",31.6142339862242,"SSS","Winter","2009"
"InB",31.5518107274233,"SSS","Winter","2009"
"NsS",30.2483182580262,"SSS","Winter","2009"
"Lab",32.4234219871927,"SSS","Winter","2009"
"Bla",32.2908442240729,"SSS","Winter","2009"
"NDF",32.2438334721325,"SSS","Winter","2009"
"NDS",32.2438334721325,"SSS","Winter","2009"
"Tri",31.5920303615867,"SSS","Winter","2009"
"Mir",29.9819404398733,"SSS","Winter","2009"
"NsF",29.7028378468345,"SSS","Winter","2009"
"BDO",30.1713796879378,"SSS","Winter","2009"
"ScB",29.8430944075386,"SSS","Winter","2009"
"Mus",31.0957281173068,"SSS","Winter","2009"
"GeB",31.9313044229508,"SSS","Winter","2009"
"M514",31.840368389551,"SSS","Winter","2009"
"7iA",23.4501387543153,"SSS","Spring","2010"
"Ste",31.9011340357319,"SSS","Spring","2010"
"InB",28.8935793326105,"SSS","Spring","2010"
"NsS",25.9756492160998,"SSS","Spring","2010"
"Lab",31.5992880672862,"SSS","Spring","2010"
"Bla",31.8100727029285,"SSS","Spring","2010"
"NDF",32.0399266328691,"SSS","Spring","2010"
"NDS",32.0399266328691,"SSS","Spring","2010"
"Tri",31.6041570325775,"SSS","Spring","2010"
"Mir",28.2745530718755,"SSS","Spring","2010"
"NsF",25.0910152236208,"SSS","Spring","2010"
"BDO",30.2452122616649,"SSS","Spring","2010"
"ScB",28.4686575057163,"SSS","Spring","2010"
"Mus",31.0524838252636,"SSS","Spring","2010"
"GeB",31.4116633578724,"SSS","Spring","2010"
"M514",30.6508046125953,"SSS","Spring","2010"
"7iA",22.6451328466176,"SSS","Summer","2010"
"Ste",30.8544730168877,"SSS","Summer","2010"
"InB",28.4061444239202,"SSS","Summer","2010"
"NsS",26.8590997832429,"SSS","Summer","2010"
"Lab",30.4792284097153,"SSS","Summer","2010"
"Bla",30.7401131386256,"SSS","Summer","2010"
"NDF",31.2235002322555,"SSS","Summer","2010"
"NDS",31.2235002322555,"SSS","Summer","2010"
"Tri",31.7049703577204,"SSS","Summer","2010"
"Mir",27.6862783404802,"SSS","Summer","2010"
"NsF",27.0159787176926,"SSS","Summer","2010"
"BDO",29.4703046342761,"SSS","Summer","2010"
"ScB",29.0499064797103,"SSS","Summer","2010"
"Mus",30.8919617437004,"SSS","Summer","2010"
"GeB",31.3978927543541,"SSS","Summer","2010"
"M514",31.4200823845572,"SSS","Summer","2010"
"7iA",28.1837923313218,"SSS","Fall","2010"
"Ste",31.409598456977,"SSS","Fall","2010"
"InB",28.719874104852,"SSS","Fall","2010"
"NsS",27.2229397845305,"SSS","Fall","2010"
"Lab",31.2974572209214,"SSS","Fall","2010"
"Bla",31.3890975954575,"SSS","Fall","2010"
"NDF",31.6507472815891,"SSS","Fall","2010"
"NDS",31.6507472815891,"SSS","Fall","2010"
"Tri",31.6133811861105,"SSS","Fall","2010"
"Mir",28.077352239883,"SSS","Fall","2010"
"NsF",27.664950440282,"SSS","Fall","2010"
"BDO",29.7477756037747,"SSS","Fall","2010"
"ScB",30.3613672506161,"SSS","Fall","2010"
"Mus",30.4348067805807,"SSS","Fall","2010"
"GeB",31.1137217206007,"SSS","Fall","2010"
"M514",31.6453095739816,"SSS","Fall","2010"
"7iA",28.0876913146516,"SSS","Winter","2010"
"Ste",32.1307573475972,"SSS","Winter","2010"
"InB",30.5371428773721,"SSS","Winter","2010"
"NsS",29.1034263845581,"SSS","Winter","2010"
"Lab",32.0833342414431,"SSS","Winter","2010"
"Bla",32.1220267012443,"SSS","Winter","2010"
"NDF",32.1102784966673,"SSS","Winter","2010"
"NDS",32.1102784966673,"SSS","Winter","2010"
"Tri",31.5360277238747,"SSS","Winter","2010"
"Mir",29.7089927337252,"SSS","Winter","2010"
"NsF",27.6550456356232,"SSS","Winter","2010"
"BDO",30.2158073554879,"SSS","Winter","2010"
"ScB",30.3365453770324,"SSS","Winter","2010"
"Mus",30.7745040038325,"SSS","Winter","2010"
"GeB",31.1079737635593,"SSS","Winter","2010"
"M514",31.4558795464375,"SSS","Winter","2010"
"7iA",23.8854310682979,"SSS","Spring","2011"
"Ste",31.5436822303042,"SSS","Spring","2011"
"InB",29.5069252072286,"SSS","Spring","2011"
"NsS",29.235552253674,"SSS","Spring","2011"
"Lab",31.8026143306524,"SSS","Spring","2011"
"Bla",31.7363814784684,"SSS","Spring","2011"
"NDF",32.0991258077496,"SSS","Spring","2011"
"NDS",32.0991258077496,"SSS","Spring","2011"
"Tri",31.7237675316762,"SSS","Spring","2011"
"Mir",29.2087684906514,"SSS","Spring","2011"
"NsF",29.2286612324357,"SSS","Spring","2011"
"BDO",30.6312923583551,"SSS","Spring","2011"
"ScB",28.844385773463,"SSS","Spring","2011"
"Mus",31.1728578289966,"SSS","Spring","2011"
"GeB",31.5174518297681,"SSS","Spring","2011"
"M514",31.1948857991017,"SSS","Spring","2011"
"7iA",23.5829196437804,"SSS","Summer","2011"
"Ste",30.8095077405301,"SSS","Summer","2011"
"InB",28.0227337860598,"SSS","Summer","2011"
"NsS",28.4775176229264,"SSS","Summer","2011"
"Lab",30.9808307737339,"SSS","Summer","2011"
"Bla",30.8467338020887,"SSS","Summer","2011"
"NDF",31.1843976899153,"SSS","Summer","2011"
"NDS",31.1843976899153,"SSS","Summer","2011"
"Tri",31.7687495681887,"SSS","Summer","2011"
"Mir",26.9401452820807,"SSS","Summer","2011"
"NsF",29.1275983697356,"SSS","Summer","2011"
"BDO",29.7722476128228,"SSS","Summer","2011"
"ScB",29.4296410750944,"SSS","Summer","2011"
"Mus",30.9181122076463,"SSS","Summer","2011"
"GeB",31.5571881170452,"SSS","Summer","2011"
"M514",31.5308976222692,"SSS","Summer","2011"
"7iA",28.4630460100067,"SSS","Fall","2011"
"Ste",31.5232347203693,"SSS","Fall","2011"
"InB",28.7148824731139,"SSS","Fall","2011"
"NsS",26.6186322262791,"SSS","Fall","2011"
"Lab",31.5277444561977,"SSS","Fall","2011"
"Bla",31.5407347734575,"SSS","Fall","2011"
"NDF",31.7744633178,"SSS","Fall","2011"
"NDS",31.7744633178,"SSS","Fall","2011"
"Tri",31.5657694339457,"SSS","Fall","2011"
"Mir",27.4533427535719,"SSS","Fall","2011"
"NsF",27.2547703176316,"SSS","Fall","2011"
"BDO",29.1311152138017,"SSS","Fall","2011"
"ScB",30.4652760504285,"SSS","Fall","2011"
"Mus",30.5667230570732,"SSS","Fall","2011"
"GeB",31.1649003113842,"SSS","Fall","2011"
"M514",31.7177848699615,"SSS","Fall","2011"
"7iA",28.426551510905,"SSS","Winter","2011"
"Ste",31.9946763241845,"SSS","Winter","2011"
"InB",30.8185629991627,"SSS","Winter","2011"
"NsS",29.9065553760014,"SSS","Winter","2011"
"Lab",31.9749657170136,"SSS","Winter","2011"
"Bla",31.8995605198959,"SSS","Winter","2011"
"NDF",31.9816828012692,"SSS","Winter","2011"
"NDS",31.9816828012692,"SSS","Winter","2011"
"Tri",31.5214543967441,"SSS","Winter","2011"
"Mir",29.7975997836195,"SSS","Winter","2011"
"NsF",28.694136542266,"SSS","Winter","2011"
"BDO",30.4892847175506,"SSS","Winter","2011"
"ScB",30.1379366644653,"SSS","Winter","2011"
"Mus",31.1189031461326,"SSS","Winter","2011"
"GeB",31.3461584024447,"SSS","Winter","2011"
"M514",31.3054207330789,"SSS","Winter","2011"
"7iA",24.2033900417219,"SSS","Spring","2012"
"Ste",31.4806305093006,"SSS","Spring","2012"
"InB",29.489379819097,"SSS","Spring","2012"
"NsS",28.3625779462327,"SSS","Spring","2012"
"Lab",31.9117035208886,"SSS","Spring","2012"
"Bla",31.6759717878928,"SSS","Spring","2012"
"NDF",32.1667058364282,"SSS","Spring","2012"
"NDS",32.1667058364282,"SSS","Spring","2012"
"Tri",31.7006360989021,"SSS","Spring","2012"
"Mir",28.7204400570523,"SSS","Spring","2012"
"NsF",28.1536852817833,"SSS","Spring","2012"
"BDO",30.3590117771715,"SSS","Spring","2012"
"ScB",28.4975598059449,"SSS","Spring","2012"
"Mus",30.7930573081192,"SSS","Spring","2012"
"GeB",31.2036578627812,"SSS","Spring","2012"
"M514",31.2307421711017,"SSS","Spring","2012"
"7iA",24.3402727220899,"SSS","Summer","2012"
"Ste",30.6697349127035,"SSS","Summer","2012"
"InB",28.0358747002978,"SSS","Summer","2012"
"NsS",27.5445260482691,"SSS","Summer","2012"
"Lab",30.8951938182257,"SSS","Summer","2012"
"Bla",30.6506688026954,"SSS","Summer","2012"
"NDF",31.1300329478592,"SSS","Summer","2012"
"NDS",31.1300329478592,"SSS","Summer","2012"
"Tri",31.6913345379319,"SSS","Summer","2012"
"Mir",26.4538934274725,"SSS","Summer","2012"
"NsF",28.0485976861199,"SSS","Summer","2012"
"BDO",29.3319945408089,"SSS","Summer","2012"
"ScB",28.8509146066144,"SSS","Summer","2012"
"Mus",30.9140054809985,"SSS","Summer","2012"
"GeB",30.6737230979994,"SSS","Summer","2012"
"M514",31.4177770668977,"SSS","Summer","2012"
"7iA",28.0644902571531,"SSS","Fall","2012"
"Ste",31.2667733913355,"SSS","Fall","2012"
"InB",28.5120800532603,"SSS","Fall","2012"
"NsS",26.7138193379726,"SSS","Fall","2012"
"Lab",31.2225047572227,"SSS","Fall","2012"
"Bla",31.226100186727,"SSS","Fall","2012"
"NDF",31.5390305411357,"SSS","Fall","2012"
"NDS",31.5390305411357,"SSS","Fall","2012"
"Tri",31.5970777639245,"SSS","Fall","2012"
"Mir",27.5170064663389,"SSS","Fall","2012"
"NsF",27.4050416315236,"SSS","Fall","2012"
"BDO",29.0326234894548,"SSS","Fall","2012"
"ScB",29.9970669871753,"SSS","Fall","2012"
"Mus",30.3193039735465,"SSS","Fall","2012"
"GeB",30.866859175549,"SSS","Fall","2012"
"M514",31.6495506921432,"SSS","Fall","2012"
"7iA",28.1777860891971,"SSS","Winter","2012"
"Ste",31.5573584568229,"SSS","Winter","2012"
"InB",30.9647099579938,"SSS","Winter","2012"
"NsS",29.2265045086919,"SSS","Winter","2012"
"Lab",32.5080895352822,"SSS","Winter","2012"
"Bla",32.1860250299944,"SSS","Winter","2012"
"NDF",32.2365585814238,"SSS","Winter","2012"
"NDS",32.2365585814238,"SSS","Winter","2012"
"Tri",31.5137523169537,"SSS","Winter","2012"
"Mir",29.5514839495304,"SSS","Winter","2012"
"NsF",27.5966363034805,"SSS","Winter","2012"
"BDO",29.842255470349,"SSS","Winter","2012"
"ScB",29.7812865296583,"SSS","Winter","2012"
"Mus",30.8795873266236,"SSS","Winter","2012"
"GeB",31.6719597440894,"SSS","Winter","2012"
"M514",31.6308357707039,"SSS","Winter","2012"
"7iA",24.2720937491093,"SSS","Spring","2013"
"Ste",31.4826851010282,"SSS","Spring","2013"
"InB",29.2840890858634,"SSS","Spring","2013"
"NsS",28.1444222287288,"SSS","Spring","2013"
"Lab",31.6553295650915,"SSS","Spring","2013"
"Bla",31.6737440770038,"SSS","Spring","2013"
"NDF",32.1933131464561,"SSS","Spring","2013"
"NDS",32.1933131464561,"SSS","Spring","2013"
"Tri",31.7446193036433,"SSS","Spring","2013"
"Mir",28.4886603230112,"SSS","Spring","2013"
"NsF",27.7630808366311,"SSS","Spring","2013"
"BDO",30.2953681128731,"SSS","Spring","2013"
"ScB",28.5990141543295,"SSS","Spring","2013"
"Mus",30.9756404898968,"SSS","Spring","2013"
"GeB",31.3417117774862,"SSS","Spring","2013"
"M514",30.8574007463462,"SSS","Spring","2013"
"7iA",24.1297817800841,"SSS","Summer","2013"
"Ste",30.610360340288,"SSS","Summer","2013"
"InB",27.8914575750037,"SSS","Summer","2013"
"NsS",26.6461433671929,"SSS","Summer","2013"
"Lab",30.6130378506904,"SSS","Summer","2013"
"Bla",30.6824301079199,"SSS","Summer","2013"
"NDF",31.1609448919349,"SSS","Summer","2013"
"NDS",31.1609448919349,"SSS","Summer","2013"
"Tri",31.7099193030731,"SSS","Summer","2013"
"Mir",26.6350560134076,"SSS","Summer","2013"
"NsF",27.4889037334209,"SSS","Summer","2013"
"BDO",28.8749942289349,"SSS","Summer","2013"
"ScB",28.4721210600274,"SSS","Summer","2013"
"Mus",30.8277366848432,"SSS","Summer","2013"
"GeB",30.8970136623039,"SSS","Summer","2013"
"M514",31.3005111471692,"SSS","Summer","2013"
"7iA",28.645203570314,"SSS","Fall","2013"
"Ste",31.168367813536,"SSS","Fall","2013"
"InB",29.0167703495174,"SSS","Fall","2013"
"NsS",26.9470269321979,"SSS","Fall","2013"
"Lab",31.2065696866472,"SSS","Fall","2013"
"Bla",31.1703326780597,"SSS","Fall","2013"
"NDF",31.4057874742476,"SSS","Fall","2013"
"NDS",31.4057874742476,"SSS","Fall","2013"
"Tri",31.4807934104014,"SSS","Fall","2013"
"Mir",27.8421224945903,"SSS","Fall","2013"
"NsF",26.7585173398072,"SSS","Fall","2013"
"BDO",28.7501975016148,"SSS","Fall","2013"
"ScB",29.9609499356494,"SSS","Fall","2013"
"Mus",30.4221906025684,"SSS","Fall","2013"
"GeB",31.2539291506125,"SSS","Fall","2013"
"M514",31.6787242633753,"SSS","Fall","2013"
"7iA",29.005264364519,"SSS","Winter","2013"
"Ste",31.7021166161908,"SSS","Winter","2013"
"InB",30.8781979237878,"SSS","Winter","2013"
"NsS",29.0389862810995,"SSS","Winter","2013"
"Lab",32.2838828736551,"SSS","Winter","2013"
"Bla",32.1300855466856,"SSS","Winter","2013"
"NDF",32.1515662024359,"SSS","Winter","2013"
"NDS",32.1515662024359,"SSS","Winter","2013"
"Tri",31.5283612385977,"SSS","Winter","2013"
"Mir",29.5927263926402,"SSS","Winter","2013"
"NsF",27.377644551741,"SSS","Winter","2013"
"BDO",30.0063071333556,"SSS","Winter","2013"
"ScB",30.1100230576689,"SSS","Winter","2013"
"Mus",30.9748256089335,"SSS","Winter","2013"
"GeB",31.4017996339103,"SSS","Winter","2013"
"M514",31.2189720721894,"SSS","Winter","2013"
"7iA",23.1272565036908,"SSS","Spring","2014"
"Ste",31.7575187258476,"SSS","Spring","2014"
"InB",29.0159554565094,"SSS","Spring","2014"
"NsS",26.8873420397705,"SSS","Spring","2014"
"Lab",31.864683829146,"SSS","Spring","2014"
"Bla",31.9065614576016,"SSS","Spring","2014"
"NDF",32.2000563236646,"SSS","Spring","2014"
"NDS",32.2000563236646,"SSS","Spring","2014"
"Tri",31.655232842402,"SSS","Spring","2014"
"Mir",28.4437181548256,"SSS","Spring","2014"
"NsF",26.7821483301453,"SSS","Spring","2014"
"BDO",30.3367284649158,"SSS","Spring","2014"
"ScB",28.4168456088288,"SSS","Spring","2014"
"Mus",30.8791723222224,"SSS","Spring","2014"
"GeB",31.4021124978108,"SSS","Spring","2014"
"M514",31.2941832738565,"SSS","Spring","2014"
"7iA",25.8313038936753,"SSS","Summer","2014"
"Ste",30.6205257206598,"SSS","Summer","2014"
"InB",28.0820655735374,"SSS","Summer","2014"
"NsS",25.9330391438308,"SSS","Summer","2014"
"Lab",30.5411111015438,"SSS","Summer","2014"
"Bla",30.7208071118786,"SSS","Summer","2014"
"NDF",31.157503030802,"SSS","Summer","2014"
"NDS",31.157503030802,"SSS","Summer","2014"
"Tri",31.6874915072468,"SSS","Summer","2014"
"Mir",26.1106666049243,"SSS","Summer","2014"
"NsF",26.7348808839963,"SSS","Summer","2014"
"BDO",28.854234539018,"SSS","Summer","2014"
"ScB",28.9141907607992,"SSS","Summer","2014"
"Mus",31.0867683033593,"SSS","Summer","2014"
"GeB",31.3311672953419,"SSS","Summer","2014"
"M514",31.5087007641876,"SSS","Summer","2014"
"7iA",29.598373382623,"SSS","Fall","2014"
"Ste",31.1972594354216,"SSS","Fall","2014"
"InB",28.7358638377663,"SSS","Fall","2014"
"NsS",26.2624038310963,"SSS","Fall","2014"
"Lab",31.0502788225764,"SSS","Fall","2014"
"Bla",31.0779973098616,"SSS","Fall","2014"
"NDF",31.3256568933816,"SSS","Fall","2014"
"NDS",31.3256568933816,"SSS","Fall","2014"
"Tri",31.5086287001862,"SSS","Fall","2014"
"Mir",27.6931170021418,"SSS","Fall","2014"
"NsF",26.3242647801274,"SSS","Fall","2014"
"BDO",28.9512779663062,"SSS","Fall","2014"
"ScB",30.2783346126142,"SSS","Fall","2014"
"Mus",30.3968529521675,"SSS","Fall","2014"
"GeB",31.2851588168617,"SSS","Fall","2014"
"M514",31.5949532664448,"SSS","Fall","2014"
"7iA",29.1358121324103,"SSS","Winter","2014"
"Ste",31.6697988625924,"SSS","Winter","2014"
"InB",31.443553908934,"SSS","Winter","2014"
"NsS",29.7483071048086,"SSS","Winter","2014"
"Lab",32.5324146159673,"SSS","Winter","2014"
"Bla",32.3256806565676,"SSS","Winter","2014"
"NDF",32.2537233252446,"SSS","Winter","2014"
"NDS",32.2537233252446,"SSS","Winter","2014"
"Tri",31.4126766442069,"SSS","Winter","2014"
"Mir",30.0407430279063,"SSS","Winter","2014"
"NsF",27.9862022696621,"SSS","Winter","2014"
"BDO",30.1260783759513,"SSS","Winter","2014"
"ScB",29.7807115148721,"SSS","Winter","2014"
"Mus",31.0784376480452,"SSS","Winter","2014"
"GeB",31.7026698180889,"SSS","Winter","2014"
"M514",31.7455067395069,"SSS","Winter","2014"
"7iA",25.577332598273,"SSS","Spring","2015"
"Ste",31.5795061945629,"SSS","Spring","2015"
"InB",29.7797309558016,"SSS","Spring","2015"
"NsS",28.3238260067732,"SSS","Spring","2015"
"Lab",31.957677701407,"SSS","Spring","2015"
"Bla",31.8588202412224,"SSS","Spring","2015"
"NDF",32.2816315841094,"SSS","Spring","2015"
"NDS",32.2816315841094,"SSS","Spring","2015"
"Tri",31.600486847541,"SSS","Spring","2015"
"Mir",29.312675537822,"SSS","Spring","2015"
"NsF",28.4815639107973,"SSS","Spring","2015"
"BDO",30.6820926951156,"SSS","Spring","2015"
"ScB",28.4130848526701,"SSS","Spring","2015"
"Mus",31.1035059194816,"SSS","Spring","2015"
"GeB",31.1938907351532,"SSS","Spring","2015"
"M514",31.0422917743735,"SSS","Spring","2015"
"7iA",23.7631083733125,"SSS","Summer","2015"
"Ste",30.6261635289018,"SSS","Summer","2015"
"InB",28.0222130925025,"SSS","Summer","2015"
"NsS",27.6476482167993,"SSS","Summer","2015"
"Lab",30.7131520779455,"SSS","Summer","2015"
"Bla",30.7157223989116,"SSS","Summer","2015"
"NDF",30.907609917497,"SSS","Summer","2015"
"NDS",30.907609917497,"SSS","Summer","2015"
"Tri",31.6124385912617,"SSS","Summer","2015"
"Mir",27.2825521646035,"SSS","Summer","2015"
"NsF",28.2579473457241,"SSS","Summer","2015"
"BDO",29.4550802707884,"SSS","Summer","2015"
"ScB",28.339631326994,"SSS","Summer","2015"
"Mus",30.8534694542649,"SSS","Summer","2015"
"GeB",31.165089022698,"SSS","Summer","2015"
"M514",31.4572648505475,"SSS","Summer","2015"
"7iA",28.0268895693037,"SSS","Fall","2015"
"Ste",31.1254986494522,"SSS","Fall","2015"
"InB",28.1989561819391,"SSS","Fall","2015"
"NsS",26.282149482996,"SSS","Fall","2015"
"Lab",31.1294211748432,"SSS","Fall","2015"
"Bla",31.1456882497181,"SSS","Fall","2015"
"NDF",31.3673412857578,"SSS","Fall","2015"
"NDS",31.3673412857578,"SSS","Fall","2015"
"Tri",31.4867195149799,"SSS","Fall","2015"
"Mir",27.6365256771079,"SSS","Fall","2015"
"NsF",26.7342358997055,"SSS","Fall","2015"
"BDO",28.9472494618447,"SSS","Fall","2015"
"ScB",30.0169284475805,"SSS","Fall","2015"
"Mus",30.3262663447522,"SSS","Fall","2015"
"GeB",31.0785078330731,"SSS","Fall","2015"
"M514",31.5776978995291,"SSS","Fall","2015"
"7iA",30.1888531691373,"SSS","Winter","2015"
"Ste",31.7013287088095,"SSS","Winter","2015"
"InB",31.9659996047074,"SSS","Winter","2015"
"NsS",30.0155876176663,"SSS","Winter","2015"
"Lab",32.5449470432717,"SSS","Winter","2015"
"Bla",32.242094704504,"SSS","Winter","2015"
"NDF",32.2005579262393,"SSS","Winter","2015"
"NDS",32.2005579262393,"SSS","Winter","2015"
"Tri",31.3534443987297,"SSS","Winter","2015"
"Mir",30.0670809537591,"SSS","Winter","2015"
"NsF",27.8581907201269,"SSS","Winter","2015"
"BDO",30.3360925761201,"SSS","Winter","2015"
"ScB",30.1168474465438,"SSS","Winter","2015"
"Mus",30.8921338591212,"SSS","Winter","2015"
"GeB",31.4805673548909,"SSS","Winter","2015"
"M514",31.792402257436,"SSS","Winter","2015"
"7iA",24.8820077976027,"SSS","Spring","2016"
"Ste",31.2783883801778,"SSS","Spring","2016"
"InB",29.6029716341003,"SSS","Spring","2016"
"NsS",26.9784453841276,"SSS","Spring","2016"
"Lab",31.8448460903667,"SSS","Spring","2016"
"Bla",31.7396382037208,"SSS","Spring","2016"
"NDF",32.1693741489383,"SSS","Spring","2016"
"NDS",32.1693741489383,"SSS","Spring","2016"
"Tri",31.5632319005385,"SSS","Spring","2016"
"Mir",28.8557944149362,"SSS","Spring","2016"
"NsF",26.0568750631621,"SSS","Spring","2016"
"BDO",29.9883918536346,"SSS","Spring","2016"
"ScB",28.0892580499662,"SSS","Spring","2016"
"Mus",30.8417930644938,"SSS","Spring","2016"
"GeB",31.0786212622792,"SSS","Spring","2016"
"M514",30.7584400601957,"SSS","Spring","2016"
"7iA",24.0883504812551,"SSS","Summer","2016"
"Ste",30.7521666316611,"SSS","Summer","2016"
"InB",28.1957073948117,"SSS","Summer","2016"
"NsS",26.4832768502781,"SSS","Summer","2016"
"Lab",30.7987606590111,"SSS","Summer","2016"
"Bla",30.822922906188,"SSS","Summer","2016"
"NDF",31.0224966157488,"SSS","Summer","2016"
"NDS",31.0224966157488,"SSS","Summer","2016"
"Tri",31.604905255537,"SSS","Summer","2016"
"Mir",26.1140459587409,"SSS","Summer","2016"
"NsF",26.7541229809031,"SSS","Summer","2016"
"BDO",28.6252827745782,"SSS","Summer","2016"
"ScB",28.6226335368024,"SSS","Summer","2016"
"Mus",30.5085364630033,"SSS","Summer","2016"
"GeB",30.7470837117467,"SSS","Summer","2016"
"M514",31.3033674854968,"SSS","Summer","2016"
"7iA",28.0927112064783,"SSS","Fall","2016"
"Ste",31.3941256151864,"SSS","Fall","2016"
"InB",28.3867123513128,"SSS","Fall","2016"
"NsS",26.2066751353415,"SSS","Fall","2016"
"Lab",31.1008785637399,"SSS","Fall","2016"
"Bla",31.2294836223555,"SSS","Fall","2016"
"NDF",31.444432258992,"SSS","Fall","2016"
"NDS",31.444432258992,"SSS","Fall","2016"
"Tri",31.4357338890428,"SSS","Fall","2016"
"Mir",27.4622959424993,"SSS","Fall","2016"
"NsF",26.2455803211167,"SSS","Fall","2016"
"BDO",28.6646815194042,"SSS","Fall","2016"
"ScB",30.0399425117925,"SSS","Fall","2016"
"Mus",29.7997358993626,"SSS","Fall","2016"
"GeB",30.2222354037976,"SSS","Fall","2016"
"M514",31.2972908952681,"SSS","Fall","2016"
"7iA",28.959728140898,"SSS","Winter","2016"
"Ste",31.4904206439512,"SSS","Winter","2016"
"InB",30.6942236334374,"SSS","Winter","2016"
"NsS",28.0061285604255,"SSS","Winter","2016"
"Lab",32.34064209894,"SSS","Winter","2016"
"Bla",31.989028811628,"SSS","Winter","2016"
"NDF",32.1544571489366,"SSS","Winter","2016"
"NDS",32.1544571489366,"SSS","Winter","2016"
"Tri",31.4010012312859,"SSS","Winter","2016"
"Mir",29.4784905729297,"SSS","Winter","2016"
"NsF",25.8627198261009,"SSS","Winter","2016"
"BDO",29.9800235882738,"SSS","Winter","2016"
"ScB",29.725949166773,"SSS","Winter","2016"
"Mus",30.7579319277517,"SSS","Winter","2016"
"GeB",31.0035821575776,"SSS","Winter","2016"
"M514",31.3638315321473,"SSS","Winter","2016"
"7iA",23.3028602727121,"SSS","Spring","2017"
"Ste",31.5985689855995,"SSS","Spring","2017"
"InB",29.1039486761801,"SSS","Spring","2017"
"NsS",26.0152996868533,"SSS","Spring","2017"
"Lab",31.8257680288098,"SSS","Spring","2017"
"Bla",31.8233697963634,"SSS","Spring","2017"
"NDF",31.8447216386561,"SSS","Spring","2017"
"NDS",31.8447216386561,"SSS","Spring","2017"
"Tri",31.0279122317995,"SSS","Spring","2017"
"Mir",28.2940687645737,"SSS","Spring","2017"
"NsF",26.3052063102166,"SSS","Spring","2017"
"BDO",30.0805776697096,"SSS","Spring","2017"
"ScB",28.6083043230727,"SSS","Spring","2017"
"Mus",30.6953822820588,"SSS","Spring","2017"
"GeB",30.906242012461,"SSS","Spring","2017"
"M514",30.4954416509918,"SSS","Spring","2017"
"7iA",22.9441189322387,"SSS","Summer","2017"
"Ste",30.6142666780772,"SSS","Summer","2017"
"InB",28.2384565645961,"SSS","Summer","2017"
"NsS",25.6194657241125,"SSS","Summer","2017"
"Lab",30.4186896612915,"SSS","Summer","2017"
"Bla",30.5870467989831,"SSS","Summer","2017"
"NDF",30.9406982307175,"SSS","Summer","2017"
"NDS",30.9406982307175,"SSS","Summer","2017"
"Tri",31.2764803603453,"SSS","Summer","2017"
"Mir",26.6104658153568,"SSS","Summer","2017"
"NsF",26.5877371420121,"SSS","Summer","2017"
"BDO",29.0424832992805,"SSS","Summer","2017"
"ScB",28.4610663370774,"SSS","Summer","2017"
"Mus",30.5666686131555,"SSS","Summer","2017"
"GeB",30.6309378586122,"SSS","Summer","2017"
"M514",30.9673660123279,"SSS","Summer","2017"
"7iA",28.6297960921793,"SSS","Fall","2017"
"Ste",30.7944365439752,"SSS","Fall","2017"
"InB",28.8387587080339,"SSS","Fall","2017"
"NsS",26.5483305320194,"SSS","Fall","2017"
"Lab",30.813497783949,"SSS","Fall","2017"
"Bla",30.8604664414007,"SSS","Fall","2017"
"NDF",31.268838475777,"SSS","Fall","2017"
"NDS",31.268838475777,"SSS","Fall","2017"
"Tri",31.2976936925869,"SSS","Fall","2017"
"Mir",27.5469709732399,"SSS","Fall","2017"
"NsF",26.487641078664,"SSS","Fall","2017"
"BDO",28.7922740462635,"SSS","Fall","2017"
"ScB",29.8663816156466,"SSS","Fall","2017"
"Mus",30.4440266611985,"SSS","Fall","2017"
"GeB",30.9116116178931,"SSS","Fall","2017"
"M514",31.2310523787866,"SSS","Fall","2017"
"7iA",29.0796393921194,"SSS","Winter","2017"
"Ste",31.5641451370847,"SSS","Winter","2017"
"InB",30.7373620908571,"SSS","Winter","2017"
"NsS",28.4655960502969,"SSS","Winter","2017"
"Lab",32.2240466431536,"SSS","Winter","2017"
"Bla",32.1308057776732,"SSS","Winter","2017"
"NDF",32.1358603623333,"SSS","Winter","2017"
"NDS",32.1358603623333,"SSS","Winter","2017"
"Tri",31.3272966344682,"SSS","Winter","2017"
"Mir",29.1458685777462,"SSS","Winter","2017"
"NsF",26.6865171684137,"SSS","Winter","2017"
"BDO",29.6215704664949,"SSS","Winter","2017"
"ScB",29.5300648376406,"SSS","Winter","2017"
"Mus",30.6035673806119,"SSS","Winter","2017"
"GeB",30.9924105225222,"SSS","Winter","2017"
"M514",31.1550751858336,"SSS","Winter","2017"
